latitude,longitude,brightness,scan,track,acq_date,acq_time,satellite,instrument,confidence,version,bright_t31,frp,daynight,type
38.2794,-8.3012,305.3,1.6,1.3,2008-01-21,1405,Aqua,MODIS,61,6.2,291.3,11.8,D,0
38.2815,-8.2958,304,1.6,1.3,2008-01-21,1405,Aqua,MODIS,54,6.2,291.3,9.7,D,0
38.1823,-8.7375,305.2,1.5,1.2,2008-01-21,1405,Aqua,MODIS,61,6.2,292.9,10.2,D,0
38.2801,-8.2975,305.8,1,1,2008-01-22,1132,Terra,MODIS,62,6.2,288.6,7.5,D,0
38.2364,-8.6776,300.4,1,1,2008-01-22,1132,Terra,MODIS,37,6.2,289.3,3.9,D,0
38.2784,-8.2861,310.4,1,1,2008-01-22,1132,Terra,MODIS,70,6.2,289.6,10.6,D,0
38.1643,-8.3409,300.9,1.1,1,2008-01-24,1120,Terra,MODIS,43,6.2,286.4,5.5,D,0
41.8742,-7.7441,300.5,1,1,2008-01-25,1342,Aqua,MODIS,38,6.2,278.3,6.4,D,0
38.1714,-7.7473,300.3,1.4,1.2,2008-01-26,1107,Terra,MODIS,35,6.2,287.3,7,D,0
38.1658,-7.7422,301.2,1.4,1.2,2008-01-26,1107,Terra,MODIS,45,6.2,286.8,7.6,D,0
40.9276,-7.8235,305.1,1.4,1.2,2008-01-27,1149,Terra,MODIS,61,6.2,283.4,13.4,D,0
41.8462,-8.335,304.7,1.3,1.1,2008-01-27,1149,Terra,MODIS,60,6.2,289.1,10.4,D,0
40.9307,-7.8395,319.5,1.4,1.2,2008-01-27,1149,Terra,MODIS,79,6.2,285,31.7,D,0
38.03,-8.3899,300.4,1.5,1.2,2008-01-27,1150,Terra,MODIS,36,6.2,287.4,8.1,D,0
38.0333,-8.4066,300.3,1.5,1.2,2008-01-27,1150,Terra,MODIS,33,6.2,287.3,8.1,D,0
41.6802,-6.8803,301.7,1,1,2008-01-27,1329,Aqua,MODIS,49,6.2,286.3,6.2,D,0
41.9701,-8.2746,302.1,1.1,1,2008-01-27,1329,Aqua,MODIS,51,6.2,285.2,6.6,D,0
41.8859,-7.7048,303.1,1,1,2008-01-27,1329,Aqua,MODIS,55,6.2,286,7.4,D,0
41.8581,-8.3287,318.9,1.1,1,2008-01-27,1329,Aqua,MODIS,79,6.2,289.9,20.1,D,0
38.2487,-8.5235,300.5,2,1.4,2008-01-28,1411,Aqua,MODIS,38,6.2,289.9,8.9,D,0
38.8461,-8.6694,304.4,2,1.4,2008-01-28,1411,Aqua,MODIS,59,6.2,290,15.2,D,0
38.8479,-8.647,301.3,2,1.4,2008-01-28,1411,Aqua,MODIS,46,6.2,290.3,10.5,D,0
40.9483,-8.0686,332.1,1,1,2008-01-29,1137,Terra,MODIS,88,6.2,288.6,35.8,D,0
41.9423,-6.775,315.7,1.1,1.1,2008-01-29,1137,Terra,MODIS,76,6.2,285.7,18.6,D,0
41.9446,-6.7885,301.6,1.1,1.1,2008-01-29,1137,Terra,MODIS,48,6.2,284.1,7.4,D,0
38.1589,-8.3402,301,1.1,1,2008-01-29,1138,Terra,MODIS,43,6.2,287.9,5.5,D,0
38.1629,-8.2496,301.3,1.1,1,2008-01-29,1138,Terra,MODIS,46,6.2,287.6,5.5,D,0
40.4385,-7.4789,303,1.4,1.2,2008-01-29,1317,Aqua,MODIS,52,6.2,286.5,9.6,D,0
40.8755,-7.6784,305,1.4,1.2,2008-01-29,1317,Aqua,MODIS,60,6.2,288.4,10.9,D,0
40.4357,-7.4941,300.1,1.4,1.2,2008-01-29,1317,Aqua,MODIS,21,6.2,286.4,7.1,D,0
40.948,-8.0776,302.5,1.4,1.2,2008-01-29,1317,Aqua,MODIS,49,6.2,289.5,8.6,D,0
41.8935,-6.9585,315.5,1.2,1.1,2008-01-29,1317,Aqua,MODIS,76,6.2,285.7,20.8,D,0
41.9342,-6.788,300.3,1.2,1.1,2008-01-29,1317,Aqua,MODIS,33,6.2,286.2,6.6,D,0
40.4445,-7.4867,308.1,1.4,1.2,2008-01-29,1317,Aqua,MODIS,66,6.2,285.2,14.8,D,0
40.8705,-7.6717,305,1.4,1.2,2008-01-29,1317,Aqua,MODIS,60,6.2,288.5,11.1,D,0
41.7585,-7.9357,307.9,1.1,1.1,2008-01-29,2243,Terra,MODIS,73,6.2,273.5,15.8,N,0
41.7773,-8.2173,301.7,1.5,1.2,2008-01-30,1400,Aqua,MODIS,46,6.2,284.3,10.8,D,0
39.4134,-9.1023,300,1.1,1,2008-01-31,1125,Terra,MODIS,24,6.2,285.2,5.4,D,0
38.2713,-7.6409,309.3,1,1,2008-01-31,1126,Terra,MODIS,68,6.2,286.6,10.3,D,0
38.0679,-8.2772,300.9,1,1,2008-01-31,1126,Terra,MODIS,43,6.2,283.9,5.2,D,0
41.9421,-7.1334,306.3,1.8,1.3,2008-01-31,1305,Aqua,MODIS,63,6.2,283.3,22.4,D,0
40.4634,-7.4977,311.1,1.1,1.1,2008-02-01,1347,Aqua,MODIS,29,6.2,278.7,14.7,D,0
40.4854,-7.4756,313.9,1.1,1.1,2008-02-01,1347,Aqua,MODIS,35,6.2,273.9,16.3,D,0
38.236,-8.5776,300.8,1,1,2008-02-07,1132,Terra,MODIS,42,6.2,290,3.9,D,0
38.076,-8.1994,311.2,1,1,2008-02-07,1132,Terra,MODIS,71,6.2,289.9,10.5,D,0
38.1819,-8.3444,301.3,1,1,2008-02-07,1132,Terra,MODIS,46,6.2,289.3,4.4,D,0
38.1664,-8.7287,302.8,1,1,2008-02-07,1132,Terra,MODIS,54,6.2,290.9,4.9,D,0
41.5175,-8.4651,316.8,1,1,2008-02-07,2237,Terra,MODIS,94,6.2,280.7,18.9,N,0
38.1446,-8.3114,304.9,1.1,1.1,2008-02-08,1353,Aqua,MODIS,59,6.2,292.8,5.9,D,0
38.4377,-7.8791,302.9,1.2,1.1,2008-02-08,1353,Aqua,MODIS,54,6.2,291.7,5.5,D,0
40.921,-7.8324,300.9,1.3,1.1,2008-02-08,1354,Aqua,MODIS,42,6.2,288.1,6,D,0
40.3139,-6.9678,302.5,1.1,1,2008-02-10,1341,Aqua,MODIS,52,6.2,290.5,5.4,D,0
40.9091,-7.7698,301.3,1,1,2008-02-10,1341,Aqua,MODIS,46,6.2,290.9,3.8,D,0
40.5554,-7.4524,327.9,1,1,2008-02-10,1341,Aqua,MODIS,85,6.2,293.1,27.5,D,0
40.9107,-7.7578,318.4,1,1,2008-02-10,1341,Aqua,MODIS,78,6.2,291.4,16.4,D,0
40.3566,-6.9269,311.4,1.1,1,2008-02-10,1341,Aqua,MODIS,71,6.2,289.3,11.6,D,0
41.4262,-7.7548,305.9,1,1,2008-02-10,1342,Aqua,MODIS,62,6.2,288.1,7.7,D,0
41.8421,-8.3579,305.9,1,1,2008-02-10,1342,Aqua,MODIS,49,6.2,292.1,5,D,0
41.8437,-8.3461,315.5,1,1,2008-02-10,1342,Aqua,MODIS,76,6.2,294.3,11.9,D,0
41.7809,-7.926,305.8,1,1,2008-02-10,1342,Aqua,MODIS,62,6.2,291.5,6.9,D,0
41.9724,-8.279,305,1,1,2008-02-10,1342,Aqua,MODIS,60,6.2,289.4,6.4,D,0
41.7122,-6.5924,304.5,1.1,1,2008-02-10,1342,Aqua,MODIS,59,6.2,289.9,6.4,D,0
41.8766,-6.9565,301.1,1.1,1,2008-02-10,1342,Aqua,MODIS,44,6.2,289.3,4.6,D,0
41.5585,-7.9357,302.1,1,1,2008-02-10,1342,Aqua,MODIS,50,6.2,291.8,3.9,D,0
41.974,-8.2668,305.4,1,1,2008-02-10,1342,Aqua,MODIS,61,6.2,289.9,6.6,D,0
41.9376,-6.77,322,1.1,1,2008-02-10,1342,Aqua,MODIS,81,6.2,292.4,22.6,D,0
41.9359,-6.7835,320.7,1.1,1,2008-02-10,1342,Aqua,MODIS,80,6.2,291.1,21.2,D,0
41.973,-6.7926,310.1,1.1,1,2008-02-10,1342,Aqua,MODIS,69,6.2,288.3,11,D,0
41.9714,-6.8056,308.1,1.1,1,2008-02-10,1342,Aqua,MODIS,66,6.2,288,9.6,D,0
41.9773,-6.7991,311.7,1.1,1,2008-02-10,1342,Aqua,MODIS,72,6.2,287.7,13.2,D,0
41.472,-7.6898,310.6,1,1,2008-02-10,1342,Aqua,MODIS,70,6.2,290,10.2,D,0
41.7328,-8.3171,307,3.8,1.8,2008-02-11,1247,Aqua,MODIS,65,6.2,291.6,56.3,D,0
41.6043,-6.915,301.8,3.2,1.7,2008-02-11,1247,Aqua,MODIS,49,6.2,287.1,31.8,D,0
41.7393,-8.3259,309.9,3.8,1.8,2008-02-11,1247,Aqua,MODIS,69,6.2,291.2,70.1,D,0
41.8694,-7.8522,311.2,1.1,1.1,2008-02-12,0224,Aqua,MODIS,82,6.2,274.3,18.8,N,0
41.8721,-7.8444,364.8,1.1,1.1,2008-02-12,0224,Aqua,MODIS,100,6.2,278.5,126,N,0
41.8677,-7.8384,320.2,1.1,1.1,2008-02-12,0224,Aqua,MODIS,100,6.2,275.2,28.2,N,0
41.8705,-7.8309,317,1.1,1.1,2008-02-12,0224,Aqua,MODIS,94,6.2,273.3,23,N,0
41.8624,-7.7763,300.5,1.4,1.2,2008-02-12,1149,Terra,MODIS,33,6.2,286.1,7.6,D,0
40.3427,-6.9205,300.2,1.6,1.3,2008-02-12,1149,Terra,MODIS,30,6.2,284.7,10.1,D,0
41.8749,-7.8416,318.6,1.3,1.1,2008-02-12,1149,Terra,MODIS,79,6.2,285.2,28.8,D,0
41.835,-7.9576,331.4,1.3,1.1,2008-02-12,1149,Terra,MODIS,87,6.2,287.3,49.4,D,0
41.8718,-7.8254,301.7,1.3,1.1,2008-02-12,1149,Terra,MODIS,37,6.2,285.7,9.1,D,0
41.7313,-8.2913,300.3,1.3,1.1,2008-02-12,1149,Terra,MODIS,27,6.2,289.5,5.9,D,0
41.8757,-7.7898,301.2,1.4,1.2,2008-02-12,1149,Terra,MODIS,20,6.2,284.8,8,D,0
41.7581,-8.3802,307.5,1.3,1.1,2008-02-12,1149,Terra,MODIS,66,6.2,289.9,12.8,D,0
41.8656,-7.7929,301.3,1.4,1.2,2008-02-12,1149,Terra,MODIS,22,6.2,285.7,7.9,D,0
38.3141,-8.6913,302.6,1.4,1.2,2008-02-12,1150,Terra,MODIS,46,6.2,289.5,7.5,D,0
40.2219,-7.1394,307.9,1,1,2008-02-12,1329,Aqua,MODIS,66,6.2,287.9,9.8,D,0
40.9364,-7.9985,320.4,1.1,1,2008-02-12,1329,Aqua,MODIS,80,6.2,290.4,20.1,D,0
41.8996,-7.0733,301.5,1,1,2008-02-12,1329,Aqua,MODIS,47,6.2,287.3,5.3,D,0
41.8724,-7.8423,331.9,1,1,2008-02-12,1329,Aqua,MODIS,88,6.2,286.3,33.9,D,0
41.8634,-7.8399,319.4,1,1,2008-02-12,1329,Aqua,MODIS,79,6.2,290.4,19,D,0
40.9343,-8.0112,305.5,1.1,1,2008-02-12,1329,Aqua,MODIS,61,6.2,289.5,7.1,D,0
41.7322,-8.3003,313.4,1.1,1,2008-02-12,1329,Aqua,MODIS,74,6.2,293.3,13,D,0
40.3376,-6.9275,306.3,1,1,2008-02-12,1329,Aqua,MODIS,63,6.2,287.5,8.1,D,0
39.4529,-9.1628,302.5,1.2,1.1,2008-02-12,1329,Aqua,MODIS,53,6.2,289.2,6.5,D,0
38.9735,-8.4632,319.8,1.2,1.1,2008-02-12,1329,Aqua,MODIS,80,6.2,290.8,21.4,D,0
38.9757,-8.45,303.4,1.2,1.1,2008-02-12,1329,Aqua,MODIS,56,6.2,291,5.8,D,0
41.8712,-7.7909,337.2,1,1,2008-02-12,1329,Aqua,MODIS,90,6.2,287.2,41.9,D,0
41.8621,-7.7886,317.9,1,1,2008-02-12,1329,Aqua,MODIS,78,6.2,289.8,17.6,D,0
38.9848,-8.3971,302.7,1.2,1.1,2008-02-12,1329,Aqua,MODIS,53,6.2,288.8,5.6,D,0
41.7588,-8.2543,303.8,1.1,1,2008-02-12,1329,Aqua,MODIS,57,6.2,292.5,5.8,D,0
41.6499,-8.6461,302,1.1,1,2008-02-12,1329,Aqua,MODIS,50,6.2,290.7,4.8,D,0
41.981,-8.2647,302.7,1.1,1,2008-02-12,1330,Aqua,MODIS,53,6.2,288.1,5.7,D,0
42.1048,-8.2101,303.6,1.5,1.2,2008-02-12,2255,Terra,MODIS,56,6.2,277.8,17.9,N,0
41.8473,-7.9285,300.3,1.6,1.2,2008-02-12,2255,Terra,MODIS,23,6.2,273.2,16.8,N,0
41.8765,-6.768,300.5,2.1,1.4,2008-02-13,1054,Terra,MODIS,39,6.2,282.7,17.1,D,0
41.7732,-8.246,301.5,2.5,1.5,2008-02-13,1054,Terra,MODIS,45,6.2,286.2,20.7,D,0
41.7694,-8.2786,320.3,2.3,1.5,2008-02-13,1412,Aqua,MODIS,77,6.2,287.9,54.9,D,0
41.8969,-7.1161,300.1,2.7,1.6,2008-02-13,1412,Aqua,MODIS,26,6.2,285.3,19.9,D,0
41.4277,-8.373,301.8,2.2,1.4,2008-02-13,1412,Aqua,MODIS,49,6.2,290,12.8,D,0
41.7695,-8.2597,303.5,2.3,1.5,2008-02-13,1412,Aqua,MODIS,53,6.2,289.2,17,D,0
41.7677,-8.2861,321,2.3,1.5,2008-02-13,1412,Aqua,MODIS,81,6.2,287.9,61.2,D,0
41.7588,-6.6365,304.6,1.1,1.1,2008-02-14,1137,Terra,MODIS,59,6.2,279.4,9,D,0
41.8826,-7.7762,303.4,1,1,2008-02-14,1137,Terra,MODIS,56,6.2,284.1,8.2,D,0
41.9117,-8.2443,323.4,1,1,2008-02-14,1137,Terra,MODIS,82,6.2,284.9,23.3,D,0
38.1564,-8.3417,303.4,1.1,1,2008-02-14,1138,Terra,MODIS,56,6.2,289.3,5.6,D,0
38.5341,-9.0507,303.6,1,1,2008-02-14,1138,Terra,MODIS,56,6.2,287.1,5.9,D,0
38.536,-9.0624,300.1,1,1,2008-02-14,1138,Terra,MODIS,26,6.2,286.8,3.9,D,0
38.3856,-8.6588,304,1.1,1,2008-02-14,1138,Terra,MODIS,58,6.2,288.4,5.9,D,0
37.688,-7.6112,304.3,1.2,1.1,2008-02-14,1138,Terra,MODIS,59,6.2,289.4,6.9,D,0
40.9894,-7.9434,301.1,1.4,1.2,2008-02-14,1317,Aqua,MODIS,45,6.2,283.5,9.3,D,0
41.8881,-6.6818,323.5,1.2,1.1,2008-02-14,1317,Aqua,MODIS,82,6.2,285.7,29.7,D,0
41.6191,-6.6232,300.5,1.2,1.1,2008-02-14,1317,Aqua,MODIS,24,6.2,285.5,5.3,D,0
41.6286,-6.6266,309.7,1.2,1.1,2008-02-14,1317,Aqua,MODIS,69,6.2,286.1,13.1,D,0
41.1551,-6.7755,311.3,1.2,1.1,2008-02-14,1317,Aqua,MODIS,71,6.2,288.1,15.1,D,0
41.4541,-7.3572,302.1,1.3,1.1,2008-02-14,1317,Aqua,MODIS,51,6.2,283.9,8.9,D,0
40.9864,-7.959,308.3,1.4,1.2,2008-02-14,1317,Aqua,MODIS,67,6.2,283.3,16.7,D,0
40.9762,-7.4147,303.3,1.6,1.3,2008-02-15,1400,Aqua,MODIS,55,6.2,286.4,10.7,D,0
40.2942,-7.1788,301.2,1.6,1.3,2008-02-15,1400,Aqua,MODIS,45,6.2,287.6,8.5,D,0
41.748,-7.6658,312.9,1.6,1.3,2008-02-15,1400,Aqua,MODIS,73,6.2,285.4,24.7,D,0
39.8652,-8.8937,315.1,1.3,1.1,2008-02-15,1400,Aqua,MODIS,75,6.2,291.4,17.6,D,0
40.9783,-7.4093,304.3,1.6,1.3,2008-02-15,1400,Aqua,MODIS,59,6.2,286.3,11.1,D,0
39.8669,-8.8783,308.9,1.3,1.1,2008-02-15,1400,Aqua,MODIS,68,6.2,291.3,10.5,D,0
41.549,-7.6675,301.3,2,1.4,2008-02-16,1305,Aqua,MODIS,46,6.2,277.7,15.4,D,0
41.8,-6.5747,303.6,1.7,1.3,2008-02-16,1305,Aqua,MODIS,57,6.2,287.8,12,D,0
41.6632,-7.8985,335,1,1,2008-02-16,2230,Terra,MODIS,100,6.2,278.1,40.4,N,0
41.8198,-8.2174,305.2,1,1,2008-02-16,2230,Terra,MODIS,64,6.2,278.8,9.7,N,0
41.8548,-7.9181,300.6,1,1,2008-02-16,2230,Terra,MODIS,30,6.2,273.8,8.8,N,0
41.8531,-7.93,302.8,1,1,2008-02-16,2230,Terra,MODIS,52,6.2,273.6,9.8,N,0
41.8305,-8.2079,315.7,1,1,2008-02-16,2230,Terra,MODIS,92,6.2,278.8,16.9,N,0
41.8216,-8.2054,309.7,1,1,2008-02-16,2230,Terra,MODIS,78,6.2,278.3,12.7,N,0
41.8959,-6.8007,336.2,1.3,1.1,2008-02-17,1348,Aqua,MODIS,85,6.2,269.6,55,D,0
41.8371,-6.9698,324.7,1.2,1.1,2008-02-17,1348,Aqua,MODIS,83,6.2,276.8,34,D,0
41.8469,-6.9723,314.7,1.2,1.1,2008-02-17,1348,Aqua,MODIS,75,6.2,272.9,20.7,D,0
41.886,-6.7986,312.7,1.3,1.1,2008-02-17,1348,Aqua,MODIS,0,6.2,268.4,19.8,D,0
38.242,-8.7376,304.4,1.1,1.1,2008-02-25,1119,Terra,MODIS,59,6.2,290.6,5.6,D,0
37.7437,-7.8537,302.5,2.5,1.5,2008-02-26,1202,Terra,MODIS,52,6.2,289.9,15.3,D,0
37.7398,-7.8659,304.4,1,1,2008-02-26,1341,Aqua,MODIS,55,6.2,293.1,3.9,D,0
37.7414,-7.8547,305.1,1,1,2008-02-26,1341,Aqua,MODIS,57,6.2,293.5,4.2,D,0
40.9117,-7.6919,305.1,1.1,1,2008-03-01,1137,Terra,MODIS,61,6.2,288.2,5.9,D,0
37.8944,-8.4326,314.2,1.1,1,2008-03-01,1138,Terra,MODIS,73,6.2,294.1,12.3,D,0
37.876,-8.4374,306.4,1.1,1,2008-03-01,1138,Terra,MODIS,48,6.2,292.6,6,D,0
38.1232,-8.7481,311.8,1.1,1,2008-03-01,1138,Terra,MODIS,71,6.2,292.4,9.9,D,0
37.8965,-8.4447,332.2,1.1,1,2008-03-01,1138,Terra,MODIS,87,6.2,293.6,33.9,D,0
38.1271,-8.7395,324.3,1,1,2008-03-03,1125,Terra,MODIS,82,6.2,290.3,22.2,D,0
38.1287,-8.751,347.6,1,1,2008-03-03,1125,Terra,MODIS,90,6.2,291.9,58.6,D,0
37.9079,-8.4524,317.5,2.8,1.6,2008-03-04,1208,Terra,MODIS,68,6.2,284.6,69.1,D,0
37.8987,-8.4292,328.2,2.8,1.6,2008-03-04,1208,Terra,MODIS,81,6.2,286.2,121.3,D,0
37.8995,-8.4378,309.4,1,1,2008-03-04,1347,Aqua,MODIS,60,6.2,274.6,10.9,D,0
38.3155,-8.7019,314.8,1,1,2008-03-04,1347,Aqua,MODIS,75,6.2,297.9,9.4,D,0
40.9351,-8.4942,316,1.1,1,2008-03-04,1348,Aqua,MODIS,76,6.2,290.7,14.4,D,0
41.8457,-7.702,307.4,1.2,1.1,2008-03-04,1348,Aqua,MODIS,65,6.2,287.5,10,D,0
40.8086,-8.4157,302.2,1.1,1,2008-03-04,1348,Aqua,MODIS,46,6.2,287.4,5,D,0
40.8179,-8.4173,301.8,1.1,1,2008-03-04,1348,Aqua,MODIS,36,6.2,289.7,4.4,D,0
40.9259,-8.4922,309.6,1.1,1,2008-03-04,1348,Aqua,MODIS,60,6.2,289.4,8.3,D,0
40.9367,-8.4817,303.9,1.1,1,2008-03-04,1348,Aqua,MODIS,47,6.2,290,5,D,0
40.7726,-8.624,301.6,1.1,1,2008-03-04,1348,Aqua,MODIS,45,6.2,290.4,3.7,D,0
41.6136,-7.0514,301.9,1.2,1.1,2008-03-04,1348,Aqua,MODIS,49,6.2,290.6,5.4,D,0
41.6645,-7.7824,300.3,4.5,1.9,2008-03-04,2135,Terra,MODIS,23,6.2,271.8,78.5,N,0
38.3195,-8.6831,305.3,1.3,1.1,2008-03-05,1113,Terra,MODIS,58,6.2,294.5,7.2,D,0
38.3212,-8.6982,307.3,1.3,1.1,2008-03-05,1113,Terra,MODIS,65,6.2,294.3,9.1,D,0
38.7634,-9.4237,305.7,1.5,1.2,2008-03-05,1113,Terra,MODIS,62,6.2,286.4,14.4,D,0
40.1555,-8.6887,306.7,1.4,1.2,2008-03-05,1113,Terra,MODIS,64,6.2,288.2,12.5,D,0
38.2045,-8.2906,302,1.3,1.1,2008-03-05,1113,Terra,MODIS,50,6.2,289.3,5.9,D,0
41.7239,-7.818,304.8,3,1.6,2008-03-05,1253,Aqua,MODIS,52,6.2,282.3,40,D,0
41.9293,-6.7341,304.2,2.5,1.5,2008-03-05,1253,Aqua,MODIS,58,6.2,285.7,26,D,0
41.8806,-6.9649,307.6,2.6,1.6,2008-03-05,1253,Aqua,MODIS,66,6.2,281.9,36.6,D,0
41.8725,-6.9684,307.5,2.6,1.6,2008-03-05,1253,Aqua,MODIS,65,6.2,282.5,35.8,D,0
40.9449,-8.062,300.3,1.6,1.3,2008-03-06,1155,Terra,MODIS,29,6.2,289.2,7.8,D,0
40.9425,-8.0501,300.7,1.6,1.3,2008-03-06,1155,Terra,MODIS,30,6.2,289.6,8.4,D,0
39.5701,-8.9836,305.6,1.6,1.2,2008-03-06,1156,Terra,MODIS,62,6.2,290.7,11.6,D,0
38.3163,-8.6955,309.4,1.7,1.3,2008-03-06,1156,Terra,MODIS,65,6.2,296.3,16.1,D,0
38.2864,-8.3693,307.7,1.1,1,2008-03-06,1335,Aqua,MODIS,65,6.2,293.6,6.7,D,0
40.9241,-6.9293,302.8,1,1,2008-03-06,1335,Aqua,MODIS,54,6.2,291.5,4,D,0
38.8552,-8.407,306.2,1,1,2008-03-06,1335,Aqua,MODIS,62,6.2,292.7,5.7,D,0
38.3196,-8.6833,312,1.1,1,2008-03-06,1335,Aqua,MODIS,67,6.2,300.6,7,D,0
38.2845,-8.3812,305.2,1.1,1,2008-03-06,1335,Aqua,MODIS,60,6.2,294.3,4.9,D,0
38.3177,-8.6954,322.1,1.1,1,2008-03-06,1335,Aqua,MODIS,81,6.2,301,17.1,D,0
41.4695,-8.2039,310.7,1,1,2008-03-06,1336,Aqua,MODIS,70,6.2,289.7,8.7,D,0
41.9659,-8.3496,301.7,1,1,2008-03-06,1336,Aqua,MODIS,47,6.2,288,4.2,D,0
40.9877,-8.6308,312.4,1,1,2008-03-06,1336,Aqua,MODIS,63,6.2,292.6,10.1,D,0
40.9896,-8.6188,309.7,1,1,2008-03-06,1336,Aqua,MODIS,69,6.2,291.2,8.1,D,0
41.2719,-8.41,303.2,1,1,2008-03-06,1336,Aqua,MODIS,55,6.2,292.4,3.5,D,0
41.8218,-8.7534,306.7,1,1,2008-03-06,1336,Aqua,MODIS,64,6.2,291.7,7.1,D,0
41.0562,-8.488,306.9,1,1,2008-03-06,1336,Aqua,MODIS,64,6.2,292.1,7.2,D,0
41.8272,-7.8645,328,2,1.4,2008-03-07,1100,Terra,MODIS,85,6.2,284.9,69.3,D,0
41.8365,-7.8682,325,2,1.4,2008-03-07,1100,Terra,MODIS,75,6.2,288.3,56.9,D,0
41.8243,-7.8709,322.2,2,1.4,2008-03-07,1100,Terra,MODIS,81,6.2,284,51,D,0
41.8395,-7.8621,313.9,2,1.4,2008-03-07,1100,Terra,MODIS,74,6.2,287.2,33.4,D,0
41.5937,-7.8703,301.9,2,1.4,2008-03-07,1100,Terra,MODIS,48,6.2,287.1,12.7,D,0
41.8413,-7.885,307.9,2,1.4,2008-03-07,1100,Terra,MODIS,66,6.2,287.4,21.6,D,0
38.3144,-8.6872,307.8,2,1.4,2008-03-07,1101,Terra,MODIS,62,6.2,296.4,16.6,D,0
41.8227,-7.8947,305.3,4.4,1.9,2008-03-07,1241,Aqua,MODIS,61,6.2,287.6,61.8,D,0
41.8243,-7.9027,303.3,4.4,1.9,2008-03-07,1241,Aqua,MODIS,54,6.2,287.3,47.4,D,0
41.7571,-7.6949,301.9,1.6,1.3,2008-03-07,2206,Terra,MODIS,45,6.2,266.9,19.7,N,0
41.7822,-8.2614,303.2,1.7,1.3,2008-03-07,2206,Terra,MODIS,54,6.2,274.8,22.2,N,0
41.7563,-7.701,315.4,1.6,1.3,2008-03-07,2206,Terra,MODIS,91,6.2,267.6,36.5,N,0
41.8048,-7.5777,315.6,1.6,1.2,2008-03-07,2206,Terra,MODIS,92,6.2,271.5,37.2,N,0
41.7534,-7.7134,314.9,1.6,1.3,2008-03-07,2206,Terra,MODIS,90,6.2,267.3,37.8,N,0
41.0089,-7.8297,344,1.3,1.1,2008-03-08,0218,Aqua,MODIS,100,6.2,272.7,80.9,N,0
41.754,-7.9002,317.2,1.1,1.1,2008-03-08,1143,Terra,MODIS,77,6.2,290.4,18.5,D,0
41.7565,-7.9141,302.5,1.1,1.1,2008-03-08,1143,Terra,MODIS,51,6.2,291.7,5.9,D,0
41.7403,-7.0261,301.2,1.2,1.1,2008-03-08,1143,Terra,MODIS,41,6.2,283.1,6,D,0
41.1116,-6.8568,303.1,1.1,1,2008-03-08,1323,Aqua,MODIS,49,6.2,291.1,4.5,D,0
41.8863,-6.9606,303.8,1.1,1,2008-03-08,1324,Aqua,MODIS,57,6.2,288.6,4.9,D,0
41.8199,-7.8447,306.7,1.2,1.1,2008-03-08,1324,Aqua,MODIS,52,6.2,291,7.9,D,0
41.798,-7.605,303.7,1.1,1.1,2008-03-08,1324,Aqua,MODIS,55,6.2,289.4,4.7,D,0
41.8195,-7.5614,301.7,1.1,1.1,2008-03-08,1324,Aqua,MODIS,19,6.2,285,3.9,D,0
41.1938,-6.7852,301.5,2.2,1.4,2008-03-09,1406,Aqua,MODIS,0,6.2,276.5,19.6,D,0
39.2636,-9.267,315,1,1,2008-03-13,1341,Aqua,MODIS,75,6.2,295.8,9.7,D,0
40.24,-7.0409,304.2,1,1,2008-03-13,1341,Aqua,MODIS,57,6.2,290.5,5,D,0
41.8084,-7.6363,300.3,1,1,2008-03-13,1342,Aqua,MODIS,34,6.2,278.3,5.1,D,0
41.6405,-7.3663,302.1,1.1,1,2008-03-13,1342,Aqua,MODIS,51,6.2,285.5,4.5,D,0
41.9391,-7.1817,301.7,1.3,1.1,2008-03-14,2212,Terra,MODIS,43,6.2,275.6,12.4,N,0
38.3231,-8.677,310.2,1.4,1.2,2008-03-15,1150,Terra,MODIS,70,6.2,294,9.9,D,0
38.3231,-8.6752,315.3,1.2,1.1,2008-03-15,1329,Aqua,MODIS,74,6.2,299.7,10.8,D,0
39.3651,-7.3965,306.9,1.1,1,2008-03-15,1329,Aqua,MODIS,54,6.2,288.9,7.2,D,0
41.1787,-7.3833,300,1.1,1,2008-03-17,1137,Terra,MODIS,12,6.2,286.7,2.4,D,0
37.2295,-8.1105,304.3,1.1,1.1,2008-03-17,1138,Terra,MODIS,59,6.2,276.2,8.1,D,0
38.2089,-8.684,304.6,1.1,1,2008-03-17,1138,Terra,MODIS,46,6.2,288.8,4.4,D,0
37.1357,-7.8206,302.6,1,1,2008-03-19,1126,Terra,MODIS,41,6.2,287.8,4.5,D,0
41.8977,-6.9907,310.5,1.2,1.1,2008-03-20,1348,Aqua,MODIS,70,6.2,287.2,13.6,D,0
40.7263,-7.37,302.2,1.2,1.1,2008-03-20,1348,Aqua,MODIS,51,6.2,290,4.6,D,0
41.6812,-7.0217,305.9,1.2,1.1,2008-03-20,1348,Aqua,MODIS,62,6.2,289.4,7.7,D,0
41.896,-7.0054,301.6,1.2,1.1,2008-03-20,1348,Aqua,MODIS,48,6.2,287.4,6,D,0
41.6828,-7.0072,317.9,1.2,1.1,2008-03-20,1348,Aqua,MODIS,78,6.2,289.6,20,D,0
41.3648,-8.5246,303.4,1.1,1,2008-03-20,1348,Aqua,MODIS,53,6.2,291.6,3.9,D,0
38.2198,-8.582,304.3,1.3,1.1,2008-03-21,1113,Terra,MODIS,58,6.2,291.6,5.9,D,0
41.7586,-7.14,304.5,2.7,1.6,2008-03-21,1253,Aqua,MODIS,59,6.2,290.2,23.2,D,0
41.7625,-7.1494,309.6,2.7,1.6,2008-03-21,1253,Aqua,MODIS,69,6.2,290.3,37.9,D,0
41.9577,-6.7953,302.7,2.5,1.5,2008-03-21,1253,Aqua,MODIS,41,6.2,288.4,16.9,D,0
40.895,-7.3137,304.6,2.9,1.6,2008-03-21,1253,Aqua,MODIS,59,6.2,292.9,21.9,D,0
40.9027,-7.2824,304,2.9,1.6,2008-03-21,1253,Aqua,MODIS,58,6.2,292.9,18.6,D,0
41.7509,-7.1724,301,2.7,1.6,2008-03-21,1253,Aqua,MODIS,44,6.2,290,14.4,D,0
41.9518,-6.789,309.5,2.5,1.5,2008-03-21,1253,Aqua,MODIS,43,6.2,287.8,29.7,D,0
41.7673,-7.1547,329.1,3.3,1.7,2008-03-23,1419,Aqua,MODIS,86,6.2,287.3,160.5,D,0
41.772,-7.1505,329.1,3.3,1.7,2008-03-23,1419,Aqua,MODIS,86,6.2,286.7,159.9,D,0
38.7155,-7.9477,302.9,1.3,1.1,2008-03-24,1323,Aqua,MODIS,32,6.2,292.2,5.1,D,0
39.2993,-8.1629,309.4,1.3,1.1,2008-03-24,1323,Aqua,MODIS,50,6.2,288.4,11,D,0
41.8608,-6.9398,313.5,1.1,1,2008-03-24,1324,Aqua,MODIS,70,6.2,286.4,13.6,D,0
41.8629,-6.9271,313.5,1.1,1,2008-03-24,1324,Aqua,MODIS,49,6.2,288.6,13.1,D,0
41.8086,-7.409,323,1.1,1,2008-03-29,1342,Aqua,MODIS,80,6.2,298.8,17,D,0
38.1455,-8.7564,308.5,1.4,1.2,2008-03-31,1150,Terra,MODIS,59,6.2,295.5,8.3,D,0
39.8202,-7.3416,306.4,1.1,1,2008-03-31,1329,Aqua,MODIS,54,6.2,291.4,3.6,D,0
40.0823,-7.1056,309.8,2.5,1.5,2008-04-01,1412,Aqua,MODIS,58,6.2,297.8,15.1,D,0
38.5559,-8.6549,313,1.1,1,2008-04-02,1137,Terra,MODIS,61,6.2,300.3,6.6,D,0
40.3242,-7.116,325.2,1.1,1.1,2008-04-02,1137,Terra,MODIS,76,6.2,297.9,22.7,D,0
40.3127,-7.1055,307.8,1.1,1.1,2008-04-02,1137,Terra,MODIS,49,6.2,296.8,5.2,D,0
40.7532,-6.9037,323.6,1.1,1.1,2008-04-02,1137,Terra,MODIS,81,6.2,296.8,21.1,D,0
40.3149,-7.1185,328,1.1,1.1,2008-04-02,1137,Terra,MODIS,83,6.2,298.7,27.3,D,0
40.3234,-7.1062,332.7,1.3,1.1,2008-04-02,1317,Aqua,MODIS,75,6.2,296.6,40.9,D,0
40.3842,-7.5117,313.6,1.4,1.2,2008-04-02,1317,Aqua,MODIS,67,6.2,294.4,15.7,D,0
40.3873,-7.4954,314.2,1.4,1.2,2008-04-02,1317,Aqua,MODIS,68,6.2,293.8,16.1,D,0
40.3206,-7.1212,363.8,1.3,1.1,2008-04-02,1317,Aqua,MODIS,100,6.2,302.3,139.9,D,0
40.3105,-7.1185,324.9,1.3,1.1,2008-04-02,1317,Aqua,MODIS,80,6.2,299.8,29.1,D,0
41.8093,-7.4484,319,1.2,1.1,2008-04-02,2242,Terra,MODIS,98,6.2,283.2,24.9,N,0
41.8109,-7.4345,303.2,1.2,1.1,2008-04-02,2242,Terra,MODIS,54,6.2,282.2,10.3,N,0
38.1893,-7.8521,318,1.4,1.2,2008-04-03,1359,Aqua,MODIS,55,6.2,307.7,11.1,D,0
38.3174,-8.6673,323.8,1.3,1.1,2008-04-03,1359,Aqua,MODIS,70,6.2,310.3,11.3,D,0
38.3158,-8.6819,344,1.3,1.1,2008-04-03,1359,Aqua,MODIS,91,6.2,314.9,53.4,D,0
41.7837,-7.9353,313.3,1.6,1.2,2008-04-03,1400,Aqua,MODIS,55,6.2,300.5,14,D,0
40.5169,-8.0248,313.5,1.5,1.2,2008-04-03,1400,Aqua,MODIS,60,6.2,301.9,10,D,0
40.5185,-8.0078,313.3,1.5,1.2,2008-04-03,1400,Aqua,MODIS,59,6.2,302.9,9.6,D,0
41.6757,-8.6019,316.6,1.4,1.2,2008-04-03,1400,Aqua,MODIS,69,6.2,300.5,15.8,D,0
40.5243,-8.0193,319.7,1.5,1.2,2008-04-03,1400,Aqua,MODIS,72,6.2,302.3,19.7,D,0
39.5541,-9.0508,333.6,1.3,1.1,2008-04-03,1400,Aqua,MODIS,84,6.2,305.5,35.7,D,0
39.5557,-9.0365,315.6,1.3,1.1,2008-04-03,1400,Aqua,MODIS,46,6.2,304.9,6.9,D,0
39.544,-9.0496,335.5,1.3,1.1,2008-04-03,1400,Aqua,MODIS,86,6.2,305.1,39.9,D,0
41.6375,-6.5284,312.6,1.9,1.3,2008-04-03,1400,Aqua,MODIS,62,6.2,301.8,12.7,D,0
40.0472,-8.2818,316.5,1.4,1.2,2008-04-03,1400,Aqua,MODIS,66,6.2,299.1,16.7,D,0
40.0434,-8.2753,329.4,1.4,1.2,2008-04-03,1400,Aqua,MODIS,82,6.2,301.3,38.7,D,0
40.0452,-8.258,324.3,1.4,1.2,2008-04-03,1400,Aqua,MODIS,77,6.2,301.5,28.9,D,0
40.0488,-8.2651,333.5,1.4,1.2,2008-04-03,1400,Aqua,MODIS,85,6.2,300.4,49.1,D,0
41.6416,-6.5341,318,1.9,1.3,2008-04-03,1400,Aqua,MODIS,72,6.2,302,23.5,D,0
40.019,-8.304,328.1,1.4,1.2,2008-04-03,1400,Aqua,MODIS,81,6.2,299.4,35.9,D,0
40.0207,-8.2875,328.1,1.4,1.2,2008-04-03,1400,Aqua,MODIS,81,6.2,299.5,34.7,D,0
41.7451,-6.9767,311.7,1.8,1.3,2008-04-03,1400,Aqua,MODIS,61,6.2,300,12.8,D,0
41.7585,-7.7198,311.2,1.6,1.2,2008-04-03,1400,Aqua,MODIS,59,6.2,299.5,12,D,0
41.6616,-7.2892,315.4,1.7,1.3,2008-04-03,1400,Aqua,MODIS,67,6.2,301.8,12.6,D,0
41.7064,-7.7532,311.3,1,1,2008-04-04,1124,Terra,MODIS,61,6.2,294.2,8.2,D,0
41.7048,-7.7411,336.2,1,1,2008-04-04,1124,Terra,MODIS,88,6.2,297.2,36.5,D,0
41.4746,-8.2984,312.9,1.1,1,2008-04-04,1124,Terra,MODIS,65,6.2,298.6,7.3,D,0
41.9167,-6.6816,314.7,1,1,2008-04-04,1124,Terra,MODIS,70,6.2,297.8,9.1,D,0
41.4763,-8.3112,325.4,1.1,1,2008-04-04,1124,Terra,MODIS,81,6.2,298.2,19.8,D,0
41.828,-8.6833,320.9,1.1,1,2008-04-04,1124,Terra,MODIS,76,6.2,300.2,15.8,D,0
41.2054,-7.8589,309.1,1,1,2008-04-04,1125,Terra,MODIS,47,6.2,298.8,5.5,D,0
41.2069,-7.8705,310.6,1,1,2008-04-04,1125,Terra,MODIS,53,6.2,296.5,7.2,D,0
40.866,-7.3639,316.7,2,1.4,2008-04-04,1305,Aqua,MODIS,69,6.2,297.5,29.6,D,0
41.7852,-7.7341,317.1,2,1.4,2008-04-04,1305,Aqua,MODIS,72,6.2,299.2,30,D,0
40.869,-7.369,321.3,2,1.4,2008-04-04,1305,Aqua,MODIS,76,6.2,297.8,41.6,D,0
40.8612,-7.3862,316.6,2,1.4,2008-04-04,1305,Aqua,MODIS,69,6.2,296.3,29.3,D,0
41.7802,-7.7567,335.8,2,1.4,2008-04-04,1305,Aqua,MODIS,77,6.2,299.8,88.7,D,0
41.8445,-6.8995,318.3,1.7,1.3,2008-04-04,1305,Aqua,MODIS,73,6.2,299.5,27.9,D,0
41.8487,-6.8793,324.7,1.7,1.3,2008-04-04,1305,Aqua,MODIS,80,6.2,299.2,42.1,D,0
40.8639,-7.3921,311,2,1.4,2008-04-04,1305,Aqua,MODIS,56,6.2,296.2,17.8,D,0
41.4568,-7.7288,310.8,1,1,2008-04-04,2230,Terra,MODIS,81,6.2,281,13.8,N,0
41.8687,-7.6281,303.1,1,1,2008-04-04,2230,Terra,MODIS,53,6.2,279.8,9.2,N,0
41.7721,-8.1519,316,2.3,1.5,2008-04-05,1207,Terra,MODIS,72,6.2,294,38.2,D,0
41.5259,-8.3174,323.3,2.3,1.5,2008-04-05,1207,Terra,MODIS,80,6.2,299.6,57.5,D,0
41.8614,-6.868,307.4,2.7,1.6,2008-04-05,1207,Terra,MODIS,55,6.2,296.3,17.9,D,0
41.8576,-6.8763,313.2,2.7,1.6,2008-04-05,1207,Terra,MODIS,68,6.2,296.6,34,D,0
41.8652,-6.9082,309.6,2.7,1.6,2008-04-05,1207,Terra,MODIS,54,6.2,296.7,23.1,D,0
41.8691,-6.8998,311.4,2.7,1.6,2008-04-05,1207,Terra,MODIS,66,6.2,295.9,29.9,D,0
41.5284,-8.3218,319.6,2.3,1.5,2008-04-05,1207,Terra,MODIS,76,6.2,299.3,42.4,D,0
41.7595,-8.1572,306.5,2.3,1.5,2008-04-05,1207,Terra,MODIS,30,6.2,294.9,13.4,D,0
41.7749,-8.1563,313.2,2.3,1.5,2008-04-05,1207,Terra,MODIS,64,6.2,293.6,28.9,D,0
41.735,-7.6902,307.4,2.4,1.5,2008-04-05,1207,Terra,MODIS,53,6.2,295.2,18.5,D,0
41.7297,-7.6874,305.6,2.4,1.5,2008-04-05,1207,Terra,MODIS,28,6.2,295,13.2,D,0
41.6491,-6.3304,315.6,2.9,1.6,2008-04-05,1207,Terra,MODIS,72,6.2,296.6,53.6,D,0
41.6874,-6.9362,340.1,1.2,1.1,2008-04-05,1348,Aqua,MODIS,90,6.2,302.5,50.6,D,0
41.5755,-6.4815,313.4,1.3,1.1,2008-04-05,1348,Aqua,MODIS,37,6.2,299.4,6.7,D,0
41.5739,-6.4967,327.3,1.3,1.1,2008-04-05,1348,Aqua,MODIS,80,6.2,300.5,26.1,D,0
41.5856,-6.4835,323.9,1.3,1.1,2008-04-05,1348,Aqua,MODIS,76,6.2,301.2,21.1,D,0
41.8632,-6.909,317.5,1.2,1.1,2008-04-05,1348,Aqua,MODIS,67,6.2,300.9,12.1,D,0
41.5839,-6.499,334.9,1.3,1.1,2008-04-05,1348,Aqua,MODIS,86,6.2,301.1,41,D,0
41.6438,-6.3226,333.6,1.3,1.1,2008-04-05,1348,Aqua,MODIS,85,6.2,301.4,40.9,D,0
41.6972,-6.9385,327.4,1.2,1.1,2008-04-05,1348,Aqua,MODIS,80,6.2,300.7,26.1,D,0
41.7722,-8.1496,317.6,1.1,1,2008-04-05,1348,Aqua,MODIS,14,6.2,297.5,11.1,D,0
41.8649,-6.894,336.2,1.2,1.1,2008-04-05,1348,Aqua,MODIS,87,6.2,301,42,D,0
41.6422,-6.3379,328,1.3,1.1,2008-04-05,1348,Aqua,MODIS,80,6.2,300.9,29.8,D,0
41.6858,-6.9508,339.6,1.2,1.1,2008-04-05,1348,Aqua,MODIS,89,6.2,303.4,48.9,D,0
41.7598,-8.1736,336.6,1.1,1,2008-04-05,1348,Aqua,MODIS,88,6.2,301.1,36.4,D,0
41.7613,-8.161,324,1.1,1,2008-04-05,1348,Aqua,MODIS,53,6.2,298.1,17.7,D,0
41.6787,-6.9699,303.2,4.1,1.9,2008-04-05,2135,Terra,MODIS,54,6.2,274.6,66.7,N,0
38.7047,-8.6793,315.4,1.3,1.1,2008-04-06,1113,Terra,MODIS,66,6.2,298,10.9,D,0
41.4582,-7.7187,319.6,4.6,2,2008-04-06,1431,Aqua,MODIS,71,6.2,293.7,125.8,D,0
41.8835,-7.725,311.3,4.6,2,2008-04-06,1431,Aqua,MODIS,47,6.2,293.5,70.4,D,0
41.6352,-7.7327,316.4,4.6,2,2008-04-06,1431,Aqua,MODIS,66,6.2,295.5,97.7,D,0
41.6337,-7.7357,314.2,4.6,2,2008-04-06,1431,Aqua,MODIS,60,6.2,295.5,86.2,D,0
41.5904,-8.0551,330.1,4.4,1.9,2008-04-06,1431,Aqua,MODIS,83,6.2,295.3,219.7,D,0
41.5916,-8.0087,319.1,4.4,1.9,2008-04-06,1431,Aqua,MODIS,71,6.2,294.2,119.4,D,0
41.5902,-8.0517,333.5,4.4,1.9,2008-04-06,1431,Aqua,MODIS,85,6.2,295.3,258.3,D,0
41.8809,-7.7691,312.5,4.6,2,2008-04-06,1431,Aqua,MODIS,54,6.2,293.9,76.9,D,0
41.4567,-7.7238,317.3,4.6,2,2008-04-06,1431,Aqua,MODIS,68,6.2,293.9,113.9,D,0
41.5917,-8.0053,316.1,4.4,1.9,2008-04-06,1431,Aqua,MODIS,65,6.2,294.1,96,D,0
39.087,-7.7446,304.5,1,1,2008-04-07,1335,Aqua,MODIS,59,6.2,290.8,5.2,D,0
38.3085,-8.6804,313.8,1.1,1,2008-04-07,1335,Aqua,MODIS,45,6.2,299,7.2,D,0
37.8901,-7.9257,309.7,1,1,2008-04-14,1341,Aqua,MODIS,3,6.2,297.3,4.3,D,0
37.8812,-7.9236,321.3,1,1,2008-04-14,1341,Aqua,MODIS,78,6.2,298.1,14.7,D,0
38.4844,-9.1713,302.9,1,1,2008-04-18,1138,Terra,MODIS,42,6.2,289.4,5.5,D,0
38.3179,-8.7042,322.2,1,1,2008-04-21,1347,Aqua,MODIS,80,6.2,300.9,13.5,D,0
38.2271,-8.6314,311.8,1,1,2008-04-21,1347,Aqua,MODIS,54,6.2,296.3,6.5,D,0
41.7345,-7.1159,315.4,1.2,1.1,2008-04-25,1143,Terra,MODIS,68,6.2,298.6,12.4,D,0
39.5565,-9.0929,322.1,1.1,1.1,2008-04-25,1144,Terra,MODIS,57,6.2,300.2,15.6,D,0
38.2874,-8.5285,319.9,1.2,1.1,2008-04-25,1144,Terra,MODIS,63,6.2,308,10.8,D,0
39.5544,-9.0802,318.6,1.1,1.1,2008-04-25,1144,Terra,MODIS,72,6.2,301,11.7,D,0
40.9651,-8.0269,311,1.2,1.1,2008-04-25,1323,Aqua,MODIS,33,6.2,295.9,6.4,D,0
40.3399,-7.0367,310.3,1.1,1.1,2008-04-25,1323,Aqua,MODIS,44,6.2,299.2,4.9,D,0
40.3421,-7.0235,311.9,1.1,1.1,2008-04-25,1323,Aqua,MODIS,54,6.2,299.2,6.3,D,0
40.461,-7.4785,318.2,1,1,2008-04-27,1131,Terra,MODIS,71,6.2,301,12,D,0
40.4523,-7.488,327.7,1.7,1.3,2008-04-27,1311,Aqua,MODIS,82,6.2,298.2,48,D,0
40.523,-7.3633,311.7,1.3,1.1,2008-04-28,1354,Aqua,MODIS,45,6.2,288.7,13.1,D,0
40.7853,-7.2229,315.7,1,1,2008-05-02,1330,Aqua,MODIS,55,6.2,282.6,12.4,D,0
41.4703,-6.9303,329.3,1,1,2008-05-02,1330,Aqua,MODIS,85,6.2,282.4,27.9,D,0
41.7769,-7.6988,315.9,1,1,2008-05-06,1125,Terra,MODIS,72,6.2,299.2,8.3,D,0
41.7752,-7.6867,314.8,1,1,2008-05-06,1125,Terra,MODIS,70,6.2,298.5,7.3,D,0
38.5535,-8.718,325.2,1,1,2008-05-06,1126,Terra,MODIS,74,6.2,298.7,16.5,D,0
41.4327,-8.7199,310.1,1,1,2008-05-09,1336,Aqua,MODIS,26,6.2,296,5.7,D,0
41.2355,-8.6667,312.7,1.1,1,2008-05-11,1143,Terra,MODIS,55,6.2,296.6,6.3,D,0
38.2115,-8.3785,318,1.2,1.1,2008-05-11,1144,Terra,MODIS,69,6.2,294.5,16.2,D,0
40.0746,-8.156,321.4,1.6,1.2,2008-05-17,1107,Terra,MODIS,77,6.2,288.6,35,D,0
40.0741,-8.1626,325,1.6,1.2,2008-05-17,1107,Terra,MODIS,56,6.2,289.4,39,D,0
40.0764,-8.1756,324.7,1.6,1.2,2008-05-17,1107,Terra,MODIS,81,6.2,286.9,42.1,D,0
41.2336,-8.6742,310.7,1,1,2008-05-25,1336,Aqua,MODIS,57,6.2,295,6.2,D,0
40.7048,-8.4906,312.2,1.1,1.1,2008-06-03,1330,Aqua,MODIS,62,6.2,298.7,7.9,D,0
38.6688,-8.8834,319.8,2.8,1.6,2008-06-07,1305,Aqua,MODIS,66,6.2,303.8,33.9,D,0
37.7857,-8.1678,325.6,3,1.6,2008-06-08,1209,Terra,MODIS,75,6.2,305.4,64.2,D,0
37.7855,-8.161,324.1,3,1.6,2008-06-08,1209,Terra,MODIS,73,6.2,305.2,55.3,D,0
39.3657,-8.7514,312.4,1.6,1.3,2008-06-10,1156,Terra,MODIS,44,6.2,298,10.5,D,0
40.7039,-8.4905,315.1,1.1,1.1,2008-06-19,1330,Aqua,MODIS,28,6.2,302.1,8.2,D,0
40.7119,-8.4839,314.1,1,1,2008-06-21,1137,Terra,MODIS,26,6.2,301.4,6.5,D,0
40.425,-8.4308,317.1,1,1,2008-06-21,1138,Terra,MODIS,54,6.2,301.2,7.7,D,0
41.9695,-8.3829,312.1,1.4,1.2,2008-06-21,1318,Aqua,MODIS,35,6.2,290.6,10.1,D,0
38.5578,-9.0752,332.8,1.2,1.1,2008-06-22,1400,Aqua,MODIS,74,6.2,308.1,23,D,0
38.9698,-7.1526,327.8,3.1,1.7,2008-06-27,1419,Aqua,MODIS,59,6.2,313.3,36.2,D,0
38.9678,-7.1886,329.4,3,1.7,2008-06-27,1419,Aqua,MODIS,66,6.2,314.3,46.5,D,0
38.9677,-7.1571,332.5,3.1,1.7,2008-06-27,1419,Aqua,MODIS,74,6.2,313.6,61.6,D,0
41.6703,-8.6372,304.4,2.7,1.6,2008-06-29,2154,Terra,MODIS,60,6.2,291.9,26.4,N,0
41.674,-8.6429,302.2,2.7,1.6,2008-06-29,2154,Terra,MODIS,47,6.2,291.5,19.8,N,0
39.835,-7.6019,341.6,1.8,1.3,2008-06-30,1312,Aqua,MODIS,88,6.2,311.9,70.1,D,0
39.0643,-8.9158,365.7,1.9,1.3,2008-07-06,1413,Aqua,MODIS,100,6.2,301.5,245.3,D,0
39.0764,-8.9175,353.1,1.9,1.3,2008-07-06,1413,Aqua,MODIS,96,6.2,301.8,158.3,D,0
39.0746,-8.9388,355,1.9,1.3,2008-07-06,1413,Aqua,MODIS,97,6.2,303.3,169.1,D,0
39.0624,-8.9374,349.5,1.9,1.3,2008-07-06,1413,Aqua,MODIS,94,6.2,300.6,137.3,D,0
39.0779,-8.9446,335,1.9,1.3,2008-07-06,1413,Aqua,MODIS,84,6.2,301.6,72.1,D,0
39.0796,-8.9232,357.1,1.9,1.3,2008-07-06,1413,Aqua,MODIS,98,6.2,301.4,182.2,D,0
39.0658,-8.9431,328.7,1.9,1.3,2008-07-06,1413,Aqua,MODIS,78,6.2,301.1,49.7,D,0
39.0675,-8.9217,368.3,1.9,1.3,2008-07-06,1413,Aqua,MODIS,100,6.2,303.8,265.1,D,0
37.5264,-7.5625,325.7,1.4,1.2,2008-07-07,0214,Aqua,MODIS,100,6.2,289,39.8,N,0
40.4227,-8.4322,312.9,1,1,2008-07-07,1138,Terra,MODIS,45,6.2,300.5,5.2,D,0
38.5516,-9.0707,348.3,1.9,1.3,2008-07-07,1318,Aqua,MODIS,93,6.2,304.9,122.4,D,0
38.5882,-9.0445,357.8,1.9,1.3,2008-07-07,1318,Aqua,MODIS,98,6.2,306.8,171.7,D,0
38.5926,-9.0237,324.7,1.8,1.3,2008-07-07,1318,Aqua,MODIS,65,6.2,304.6,28,D,0
38.5766,-9.0404,328.3,1.9,1.3,2008-07-07,1318,Aqua,MODIS,73,6.2,303.9,37.2,D,0
38.579,-9.0585,320.8,1.9,1.3,2008-07-07,1318,Aqua,MODIS,36,6.2,305.5,18.6,D,0
38.5832,-9.038,368,1.9,1.3,2008-07-07,1318,Aqua,MODIS,100,6.2,307.1,242.5,D,0
38.4566,-7.9305,332,1.3,1.1,2008-07-14,1144,Terra,MODIS,78,6.2,312.7,18.8,D,0
38.4539,-7.9161,327.7,1.3,1.1,2008-07-14,1144,Terra,MODIS,68,6.2,313.1,11.3,D,0
40.485,-7.5914,322,1.2,1.1,2008-07-14,1324,Aqua,MODIS,49,6.2,304.1,13.7,D,0
40.5098,-6.9716,323.4,1.6,1.2,2008-07-16,1312,Aqua,MODIS,69,6.2,308.8,13.7,D,0
40.2463,-8.54,311.8,1,1,2008-07-16,2236,Terra,MODIS,83,6.2,292.1,10.8,N,0
40.2552,-8.5422,310.4,1,1,2008-07-16,2236,Terra,MODIS,80,6.2,291.7,9.8,N,0
37.9903,-8.8122,304,1.2,1.1,2008-07-17,0250,Aqua,MODIS,58,6.2,289.8,9.1,N,0
37.9807,-8.8149,302.3,1.2,1.1,2008-07-17,0250,Aqua,MODIS,48,6.2,290,7.6,N,0
37.9766,-8.8211,330,1.1,1,2008-07-17,1354,Aqua,MODIS,53,6.2,310.7,15.8,D,0
39.6811,-7.7124,332.8,2.7,1.6,2008-07-18,1300,Aqua,MODIS,80,6.2,305.9,81.3,D,0
39.6912,-7.7088,334.3,2.7,1.6,2008-07-18,1300,Aqua,MODIS,81,6.2,306.1,90.9,D,0
41.3516,-8.3837,324,1,1,2008-07-19,1343,Aqua,MODIS,38,6.2,308,8,D,0
41.717,-7.9517,301.3,1.9,1.4,2008-07-22,0308,Aqua,MODIS,40,6.2,288.7,14.5,N,0
41.6871,-8.3962,326.2,2.2,1.4,2008-07-22,1414,Aqua,MODIS,75,6.2,305.3,46.7,D,0
40.8985,-6.877,349.7,1.3,1.1,2008-07-23,1318,Aqua,MODIS,94,6.2,312.2,64.8,D,0
40.9083,-6.8802,327.9,1.3,1.1,2008-07-23,1318,Aqua,MODIS,74,6.2,311,15.3,D,0
40.8958,-6.8916,334.7,1.3,1.1,2008-07-23,1318,Aqua,MODIS,83,6.2,312,26.3,D,0
41.1488,-6.9529,340.3,2.8,1.6,2008-07-26,1208,Terra,MODIS,90,6.2,301.3,168.4,D,0
40.1228,-7.3824,310,1.7,1.3,2008-07-29,2206,Terra,MODIS,79,6.2,290.8,20.5,N,0
40.1267,-7.3636,340.1,1.7,1.3,2008-07-29,2206,Terra,MODIS,100,6.2,292.4,94.4,N,0
40.1252,-7.378,327.2,1.7,1.3,2008-07-29,2206,Terra,MODIS,100,6.2,291.1,55.1,N,0
40.1291,-7.3587,335.9,1.7,1.3,2008-07-29,2206,Terra,MODIS,100,6.2,291.2,79.8,N,0
40.1178,-7.3557,305.8,1.7,1.3,2008-07-29,2206,Terra,MODIS,66,6.2,291.1,15.3,N,0
40.3904,-7.0298,335.8,1.1,1.1,2008-07-30,1324,Aqua,MODIS,84,6.2,310.5,27.9,D,0
37.2372,-8.3585,354.8,1.1,1.1,2008-08-02,1354,Aqua,MODIS,91,6.2,311.9,64.9,D,0
37.2278,-8.3568,353.5,1.1,1.1,2008-08-02,1354,Aqua,MODIS,95,6.2,314.7,60.9,D,0
39.6617,-8.6067,360.3,1.2,1.1,2008-08-02,1355,Aqua,MODIS,100,6.2,308.5,91.2,D,0
39.6602,-8.62,337.3,1.1,1.1,2008-08-02,1355,Aqua,MODIS,81,6.2,307.5,32.2,D,0
41.0119,-8.2161,325.2,1.2,1.1,2008-08-03,1119,Terra,MODIS,63,6.2,302.5,17.7,D,0
41.7314,-7.3375,348.2,1.1,1,2008-08-04,1343,Aqua,MODIS,92,6.2,313.3,44.7,D,0
40.5961,-7.525,338.5,1,1,2008-08-04,1343,Aqua,MODIS,82,6.2,316.5,21.5,D,0
41.7239,-7.3429,361.4,1.1,1,2008-08-04,1343,Aqua,MODIS,100,6.2,316.8,80.2,D,0
41.7298,-7.3501,347.1,1.1,1,2008-08-04,1343,Aqua,MODIS,92,6.2,319.7,42.4,D,0
40.6479,-7.4033,330.5,1.5,1.2,2008-08-05,1107,Terra,MODIS,77,6.2,308.7,27.9,D,0
40.8748,-7.3029,351.7,3.6,1.8,2008-08-05,1248,Aqua,MODIS,95,6.2,308,343.5,D,0
40.8662,-7.2923,346.2,3.6,1.8,2008-08-05,1248,Aqua,MODIS,92,6.2,310.3,263.1,D,0
40.856,-7.3319,326.3,3.6,1.8,2008-08-05,1248,Aqua,MODIS,60,6.2,308.3,74.6,D,0
40.8596,-7.2959,322.9,3.6,1.8,2008-08-05,1248,Aqua,MODIS,52,6.2,310.1,52,D,0
40.8729,-7.3084,330.1,3.9,1.8,2008-08-05,1426,Aqua,MODIS,83,6.2,309.4,114.7,D,0
40.8895,-7.3085,327.2,3.9,1.8,2008-08-05,1426,Aqua,MODIS,80,6.2,306.9,91.2,D,0
40.8635,-7.3161,323.5,3.9,1.8,2008-08-05,1426,Aqua,MODIS,62,6.2,308.6,59.8,D,0
40.88,-7.3169,334.3,3.9,1.8,2008-08-05,1426,Aqua,MODIS,86,6.2,308.7,155.5,D,0
40.891,-7.2521,302.4,1.3,1.1,2008-08-05,2212,Terra,MODIS,49,6.2,291.8,7.5,N,0
40.1111,-8.7203,300.6,1.6,1.3,2008-08-05,2212,Terra,MODIS,30,6.2,287.9,10.7,N,0
40.8926,-7.3005,305.9,1.3,1.1,2008-08-05,2212,Terra,MODIS,66,6.2,290.8,11.5,N,0
40.8813,-7.2594,331.4,1.3,1.1,2008-08-05,2212,Terra,MODIS,100,6.2,293.4,46.7,N,0
40.8954,-7.2857,326.7,1.3,1.1,2008-08-05,2212,Terra,MODIS,100,6.2,292.4,38.4,N,0
40.8841,-7.2442,319.5,1.3,1.1,2008-08-05,2212,Terra,MODIS,99,6.2,293.2,26.1,N,0
40.9055,-7.2883,316.5,1.3,1.1,2008-08-05,2212,Terra,MODIS,93,6.2,290.1,22.4,N,0
40.0259,-7.9118,367.1,1.1,1,2008-08-06,1330,Aqua,MODIS,100,6.2,299.8,109.7,D,0
40.0186,-7.8974,344.2,1.1,1,2008-08-06,1330,Aqua,MODIS,91,6.2,301.6,45.7,D,0
40.0166,-7.9096,394.4,1.1,1,2008-08-06,1330,Aqua,MODIS,100,6.2,311,239.7,D,0
40.3039,-8.7758,330.7,2,1.4,2008-08-07,1414,Aqua,MODIS,82,6.2,301.3,63,D,0
41.7227,-6.7509,336.1,2.8,1.6,2008-08-07,1414,Aqua,MODIS,87,6.2,301.8,126.8,D,0
40.3057,-8.7523,316.1,2,1.4,2008-08-07,1414,Aqua,MODIS,59,6.2,301,21,D,0
40.3028,-8.7709,334.9,2,1.4,2008-08-07,1414,Aqua,MODIS,86,6.2,301.5,79.5,D,0
39.9917,-7.3334,313.4,2.1,1.4,2008-08-07,2200,Terra,MODIS,87,6.2,291.5,37,N,0
38.9607,-8.6475,323.9,1.1,1,2008-08-08,1138,Terra,MODIS,55,6.2,306.7,13.4,D,0
41.2995,-8.5726,305.3,1.1,1,2008-08-08,2243,Terra,MODIS,64,6.2,288.4,8.4,N,0
39.1457,-8.8708,336.7,1.3,1.1,2008-08-09,1401,Aqua,MODIS,80,6.2,308.5,36.1,D,0
41.1226,-7.331,323.8,1,1,2008-08-10,1125,Terra,MODIS,57,6.2,308.7,7.8,D,0
41.1243,-7.343,356.1,1,1,2008-08-10,1125,Terra,MODIS,98,6.2,312.3,62.7,D,0
40.6204,-7.192,322.4,2.8,1.6,2008-08-11,1208,Terra,MODIS,64,6.2,292.5,70.2,D,0
40.2778,-7.204,315.5,4.8,2,2008-08-12,1432,Aqua,MODIS,64,6.2,296.5,68.1,D,0
40.2786,-7.1953,313.7,4.8,2,2008-08-12,1432,Aqua,MODIS,59,6.2,296.5,56,D,0
37.9574,-8.7929,314.5,1.5,1.2,2008-08-13,2300,Terra,MODIS,89,6.2,288.4,26.5,N,0
37.9557,-8.8099,308.5,1.5,1.2,2008-08-13,2300,Terra,MODIS,75,6.2,288.5,18.3,N,0
37.955,-8.7964,319.5,2,1.4,2008-08-14,1101,Terra,MODIS,37,6.2,301.7,22.9,D,0
37.2479,-8.8103,303.1,2.4,1.5,2008-08-14,2205,Terra,MODIS,53,6.2,287.7,22.5,N,0
37.9467,-8.8022,302.1,2.3,1.5,2008-08-14,2205,Terra,MODIS,47,6.2,287.6,18.7,N,0
37.2349,-8.8054,302.1,2.4,1.5,2008-08-14,2205,Terra,MODIS,47,6.2,287.5,20.3,N,0
37.2426,-8.8152,305,2.4,1.5,2008-08-14,2205,Terra,MODIS,41,6.2,287.8,24.6,N,0
37.9594,-8.8068,300.5,2.3,1.5,2008-08-14,2205,Terra,MODIS,28,6.2,288.2,15.4,N,0
37.2579,-8.8019,301.5,1.3,1.1,2008-08-15,0220,Aqua,MODIS,42,6.2,287.1,8.5,N,0
38.3121,-8.4294,327.4,1,1,2008-08-17,1132,Terra,MODIS,72,6.2,304.9,15.2,D,0
39.2968,-8.9878,316.6,1.2,1.1,2008-08-19,1119,Terra,MODIS,40,6.2,298.9,10.9,D,0
41.1653,-7.2136,311,1,1,2008-08-19,2224,Terra,MODIS,81,6.2,289.2,11.7,N,0
41.1761,-7.2038,331.1,1,1,2008-08-19,2224,Terra,MODIS,100,6.2,289.1,33.6,N,0
39.027,-9.0371,312.1,1.2,1.1,2008-08-19,2224,Terra,MODIS,84,6.2,287.7,17.5,N,0
41.1672,-7.2014,316.5,1,1,2008-08-19,2224,Terra,MODIS,93,6.2,290,16.6,N,0
41.1743,-7.216,307.4,1,1,2008-08-19,2224,Terra,MODIS,71,6.2,286.9,9.8,N,0
41.7458,-6.7502,301.1,1,1,2008-08-20,0237,Aqua,MODIS,38,6.2,281,8.1,N,0
41.7439,-6.7381,302,1,1,2008-08-20,0237,Aqua,MODIS,46,6.2,281.3,8.6,N,0
41.1716,-7.2129,326.6,1.1,1,2008-08-20,1343,Aqua,MODIS,72,6.2,309.4,13.3,D,0
41.0728,-7.4884,322.4,1,1,2008-08-20,1343,Aqua,MODIS,55,6.2,307.2,7.6,D,0
41.3914,-7.0431,319.8,1.3,1.1,2008-08-24,1319,Aqua,MODIS,48,6.2,306.5,8.6,D,0
40.5719,-8.0449,318.2,1.5,1.2,2008-08-24,1319,Aqua,MODIS,41,6.2,300.2,15.5,D,0
37.1825,-8.03,310.1,1,1,2008-08-24,2242,Terra,MODIS,79,6.2,293.5,9.2,N,0
37.184,-8.0185,324.8,1,1,2008-08-24,2242,Terra,MODIS,100,6.2,294.4,22.9,N,0
40.1462,-7.984,300.2,1.1,1,2008-08-24,2243,Terra,MODIS,21,6.2,288,6.4,N,0
41.364,-8.2562,322,1.5,1.2,2008-08-25,1402,Aqua,MODIS,66,6.2,300.8,20.9,D,0
41.7277,-7.5719,318,1,1,2008-08-26,1125,Terra,MODIS,66,6.2,294.8,8.7,D,0
41.2537,-7.5142,341.3,2,1.4,2008-08-26,1307,Aqua,MODIS,89,6.2,296.3,100.3,D,0
41.2483,-7.5391,317.8,2,1.4,2008-08-26,1307,Aqua,MODIS,53,6.2,294.8,21.7,D,0
41.7462,-7.2338,318.3,1,1,2008-08-26,2231,Terra,MODIS,97,6.2,291,16.5,N,0
41.7445,-7.2457,320.1,1,1,2008-08-26,2231,Terra,MODIS,100,6.2,290.4,18.2,N,0
41.7551,-7.2361,300.6,1,1,2008-08-26,2231,Terra,MODIS,30,6.2,290.2,4.6,N,0
41.7534,-7.2479,300.4,1,1,2008-08-26,2231,Terra,MODIS,27,6.2,290,4.5,N,0
41.0973,-7.2499,334.8,1.2,1.1,2008-08-27,1349,Aqua,MODIS,76,6.2,308.3,25.2,D,0
41.0166,-7.923,321.3,1.1,1,2008-08-27,1349,Aqua,MODIS,57,6.2,305.6,10.2,D,0
41.0149,-7.9364,336.4,1.1,1,2008-08-27,1349,Aqua,MODIS,84,6.2,305.8,32.5,D,0
41.2195,-8.1947,322.6,1.1,1,2008-08-27,1349,Aqua,MODIS,59,6.2,303.8,11.7,D,0
41.2379,-7.5287,332,1.1,1.1,2008-08-27,1349,Aqua,MODIS,78,6.2,309.9,20.5,D,0
40.9934,-7.7973,337,1.1,1.1,2008-08-27,1349,Aqua,MODIS,84,6.2,307,33.3,D,0
40.984,-7.795,345.4,1.1,1.1,2008-08-27,1349,Aqua,MODIS,91,6.2,309.6,50.4,D,0
41.2394,-7.516,328.9,1.2,1.1,2008-08-27,1349,Aqua,MODIS,74,6.2,309.5,15.1,D,0
40.9918,-7.8102,335.7,1.1,1.1,2008-08-27,1349,Aqua,MODIS,83,6.2,309,31.1,D,0
40.9824,-7.8083,360.3,1.1,1.1,2008-08-27,1349,Aqua,MODIS,100,6.2,310.8,90.6,D,0
40.3062,-7.2631,316.8,4.8,2,2008-08-28,1432,Aqua,MODIS,67,6.2,295.2,52,D,0
40.3071,-7.2165,317.1,4.8,2,2008-08-28,1432,Aqua,MODIS,67,6.2,296.5,57.4,D,0
40.3058,-7.2714,315.2,4.8,2,2008-08-28,1432,Aqua,MODIS,63,6.2,295.2,39.5,D,0
41.1597,-7.257,336.8,1.1,1.1,2008-08-28,2218,Terra,MODIS,100,6.2,284.3,46,N,0
41.1576,-7.2697,345.6,1.1,1.1,2008-08-28,2218,Terra,MODIS,100,6.2,284.3,64.6,N,0
41.1553,-7.2831,304.5,1.1,1.1,2008-08-28,2218,Terra,MODIS,60,6.2,281.5,7.3,N,0
41.554,-7.7715,307.7,1,1,2008-08-29,0232,Aqua,MODIS,72,6.2,291.2,8.7,N,0
41.5556,-7.7834,311.6,1,1,2008-08-29,0232,Aqua,MODIS,83,6.2,291.4,11.6,N,0
41.4084,-7.8612,304.7,1,1,2008-08-29,0232,Aqua,MODIS,61,6.2,294,6,N,0
41.4067,-7.8487,329.7,1,1,2008-08-29,0232,Aqua,MODIS,100,6.2,294,29.5,N,0
41.4,-7.8573,328.5,1,1,2008-08-29,0232,Aqua,MODIS,100,6.2,294.4,27.8,N,0
41.3983,-7.8448,322.9,1,1,2008-08-29,0232,Aqua,MODIS,100,6.2,293.2,21.4,N,0
41.3865,-7.6927,317.1,1.7,1.3,2008-08-29,1156,Terra,MODIS,62,6.2,298.9,14.6,D,0
41.4088,-7.685,327.4,1.7,1.3,2008-08-29,1156,Terra,MODIS,79,6.2,298.8,37.8,D,0
41.3939,-7.6708,314.8,1.7,1.3,2008-08-29,1156,Terra,MODIS,25,6.2,299.4,10.7,D,0
41.3977,-7.6889,347.8,1.7,1.3,2008-08-29,1156,Terra,MODIS,94,6.2,301.1,106.8,D,0
41.1746,-8.169,317.5,1,1,2008-08-29,1337,Aqua,MODIS,51,6.2,301.7,6.5,D,0
41.4011,-7.702,327.6,1,1,2008-08-29,1337,Aqua,MODIS,72,6.2,297.7,16.9,D,0
40.9392,-7.7804,315.3,4.7,2,2008-09-01,1226,Terra,MODIS,63,6.2,295.4,90,D,0
40.9391,-7.7762,314.9,4.7,2,2008-09-01,1226,Terra,MODIS,62,6.2,295.6,80.8,D,0
41.2062,-7.3127,327.2,2.1,1.4,2008-09-01,1408,Aqua,MODIS,77,6.2,302.6,46.5,D,0
40.7281,-7.3394,331.5,2,1.4,2008-09-01,1408,Aqua,MODIS,82,6.2,304.2,59.4,D,0
40.3878,-7.7378,315.5,1.9,1.3,2008-09-01,1408,Aqua,MODIS,45,6.2,300.5,18.6,D,0
41.2081,-7.2884,332.4,2.1,1.4,2008-09-01,1408,Aqua,MODIS,83,6.2,303.6,66.7,D,0
38.8731,-7.4878,324.2,1,1,2008-09-05,1343,Aqua,MODIS,72,6.2,302.9,12.8,D,0
40.4481,-8.5746,311,1.1,1.1,2008-09-07,1331,Aqua,MODIS,52,6.2,297.6,6.7,D,0
40.4388,-8.5719,312.2,1.1,1.1,2008-09-07,1331,Aqua,MODIS,57,6.2,296.9,7.7,D,0
40.8856,-8.6263,312.4,1.1,1.1,2008-09-07,1331,Aqua,MODIS,55,6.2,298.6,8.3,D,0
38.7597,-9.2633,318.9,1.8,1.3,2008-09-08,1414,Aqua,MODIS,59,6.2,297.6,20.1,D,0
38.9896,-9.117,318.7,1.9,1.3,2008-09-08,1414,Aqua,MODIS,60,6.2,298.2,17.9,D,0
39.057,-9.0923,317,1.3,1.1,2008-09-10,1401,Aqua,MODIS,36,6.2,301.5,7.7,D,0
41.2342,-7.7127,316.8,2,1.4,2008-09-11,1307,Aqua,MODIS,75,6.2,293.6,33.8,D,0
38.9799,-9.3833,329,2.3,1.5,2008-09-12,1208,Terra,MODIS,72,6.2,295.5,83.2,D,0
39.8408,-7.3483,347.6,2.9,1.6,2008-09-12,1208,Terra,MODIS,94,6.2,298.9,246.8,D,0
39.8549,-7.3429,344.3,2.9,1.6,2008-09-12,1208,Terra,MODIS,93,6.2,302,217.3,D,0
39.8548,-7.3415,325.6,1.1,1.1,2008-09-12,1349,Aqua,MODIS,62,6.2,306.7,15,D,0
39.8437,-7.3528,369.6,1.1,1.1,2008-09-12,1349,Aqua,MODIS,100,6.2,313.3,124.4,D,0
39.8453,-7.3396,324.2,1.1,1.1,2008-09-12,1349,Aqua,MODIS,47,6.2,306.7,13.2,D,0
39.8343,-7.3506,345.3,1.1,1.1,2008-09-12,1349,Aqua,MODIS,92,6.2,306.7,50.3,D,0
39.8327,-7.3639,323.4,1.1,1.1,2008-09-12,1349,Aqua,MODIS,50,6.2,304.7,12.7,D,0
39.6959,-8.4525,382.9,1,1,2008-09-12,1349,Aqua,MODIS,100,6.2,309.8,169.8,D,0
39.8918,-7.7138,328.8,1.1,1,2008-09-12,1349,Aqua,MODIS,81,6.2,297.7,25.3,D,0
39.8717,-7.5652,314.6,1.1,1.1,2008-09-12,1349,Aqua,MODIS,58,6.2,299.8,6.7,D,0
39.6974,-8.4404,347.2,1,1,2008-09-12,1349,Aqua,MODIS,93,6.2,302.5,53.3,D,0
39.8531,-7.3549,343.5,1.1,1.1,2008-09-12,1349,Aqua,MODIS,91,6.2,308.5,46.2,D,0
39.6883,-8.4384,367.9,1,1,2008-09-12,1349,Aqua,MODIS,100,6.2,302.3,110.1,D,0
39.6868,-8.4504,420.1,1,1,2008-09-12,1349,Aqua,MODIS,100,6.2,314.7,416.1,D,0
39.8421,-7.3661,334.8,1.1,1.1,2008-09-12,1349,Aqua,MODIS,84,6.2,306.9,28.9,D,0
39.8982,-7.5838,322.4,1.1,1.1,2008-09-12,1349,Aqua,MODIS,74,6.2,299.1,14.8,D,0
39.9959,-7.3189,307.4,3,1.7,2008-09-12,2313,Terra,MODIS,71,6.2,285.1,51.9,N,0
38.7012,-8.6019,326.8,1.4,1.2,2008-09-13,2218,Terra,MODIS,100,6.2,287.6,44.8,N,0
41.2678,-6.8632,300.6,1.1,1,2008-09-13,2218,Terra,MODIS,30,6.2,286.5,6.7,N,0
38.6908,-8.5986,309.8,1.4,1.2,2008-09-13,2218,Terra,MODIS,78,6.2,287.9,18.9,N,0
39.026,-9.2222,331,1.1,1,2008-09-14,1337,Aqua,MODIS,78,6.2,305.8,24.2,D,0
39.0168,-9.2195,345.5,1.1,1,2008-09-14,1337,Aqua,MODIS,91,6.2,303.9,50.8,D,0
41.604,-6.6662,314.5,1,1,2008-09-14,1338,Aqua,MODIS,41,6.2,301.6,4.5,D,0
41.6057,-6.654,337.7,1,1,2008-09-14,1338,Aqua,MODIS,88,6.2,301.1,32.4,D,0
40.274,-7.5357,300.2,1.3,1.1,2008-09-16,2249,Terra,MODIS,21,6.2,283.6,8.4,N,0
40.264,-7.533,303.1,1.3,1.1,2008-09-16,2249,Terra,MODIS,53,6.2,284.6,10.8,N,0
41.5526,-6.5953,306.7,1.1,1.1,2008-09-25,1137,Terra,MODIS,53,6.2,290.9,5.3,D,0
38.8044,-9.3556,330.7,1,1,2008-09-25,1138,Terra,MODIS,82,6.2,300.4,24,D,0
41.7657,-7.9595,311.7,1.6,1.2,2008-09-26,1402,Aqua,MODIS,57,6.2,293.6,17.1,D,0
39.1398,-9.1981,314.5,1.2,1.1,2008-09-26,1402,Aqua,MODIS,46,6.2,302.3,7.7,D,0
39.1383,-9.2124,317.1,1.2,1.1,2008-09-26,1402,Aqua,MODIS,59,6.2,302.9,10.5,D,0
41.6303,-6.4893,315.7,1,1,2008-09-27,1125,Terra,MODIS,71,6.2,296.8,9.9,D,0
41.6215,-6.4916,310,1,1,2008-09-27,1125,Terra,MODIS,50,6.2,296.8,5,D,0
39.8402,-8.5193,326.4,1,1,2008-09-27,1125,Terra,MODIS,79,6.2,299.1,20.3,D,0
39.8418,-8.5312,311.8,1,1,2008-09-27,1125,Terra,MODIS,50,6.2,298.6,6,D,0
41.0548,-7.8967,308.2,1,1,2008-09-27,2231,Terra,MODIS,74,6.2,281.9,11.5,N,0
41.2171,-7.8598,341.7,1,1,2008-09-27,2231,Terra,MODIS,100,6.2,288.4,48.6,N,0
41.2154,-7.8715,324.4,1,1,2008-09-27,2231,Terra,MODIS,100,6.2,286.2,24.5,N,0
41.2229,-7.8624,306.5,1.1,1,2008-09-28,0244,Aqua,MODIS,68,6.2,284.9,11.1,N,0
41.8821,-6.71,311.8,2.8,1.6,2008-09-28,1207,Terra,MODIS,65,6.2,288.4,40,D,0
40.9455,-6.9875,343.7,1.2,1.1,2008-09-28,1350,Aqua,MODIS,92,6.2,305.3,54.6,D,0
41.2191,-8.5944,314.2,1.1,1,2008-09-28,1350,Aqua,MODIS,66,6.2,300.5,6.8,D,0
40.9471,-6.9734,331.2,1.2,1.1,2008-09-28,1350,Aqua,MODIS,85,6.2,304.2,29.5,D,0
41.4473,-7.6738,311.8,1.2,1.1,2008-10-02,1143,Terra,MODIS,66,6.2,295,11.2,D,0
40.2672,-7.2412,310.1,1.2,1.1,2008-10-02,1325,Aqua,MODIS,57,6.2,298.9,5.9,D,0
40.6503,-7.4286,320,1.2,1.1,2008-10-02,1325,Aqua,MODIS,75,6.2,297.8,16.6,D,0
38.5583,-9.0762,333.6,1.1,1,2008-10-02,2248,Terra,MODIS,100,6.2,286.6,40.3,N,0
40.1047,-7.3396,323.4,2,1.4,2008-10-03,1408,Aqua,MODIS,81,6.2,300.5,42.4,D,0
40.0924,-7.3376,346.2,2,1.4,2008-10-03,1408,Aqua,MODIS,94,6.2,299.3,131.5,D,0
40.6524,-7.428,313.4,2,1.4,2008-10-03,1408,Aqua,MODIS,71,6.2,297.6,22.3,D,0
40.6506,-7.4515,310,2,1.4,2008-10-03,1408,Aqua,MODIS,65,6.2,295.7,16.3,D,0
41.7718,-7.9692,302.5,1.9,1.3,2008-10-03,1408,Aqua,MODIS,36,6.2,290,11.9,D,0
41.77,-7.9925,316.4,1.9,1.3,2008-10-03,1408,Aqua,MODIS,72,6.2,292.2,36,D,0
40.0906,-7.361,324.6,2,1.4,2008-10-03,1408,Aqua,MODIS,82,6.2,299.3,44.5,D,0
40.8094,-7.2461,313.7,2,1.4,2008-10-03,1408,Aqua,MODIS,71,6.2,295.5,24.7,D,0
40.8071,-7.2382,319.7,2,1.4,2008-10-03,1408,Aqua,MODIS,78,6.2,295.4,39.5,D,0
40.8111,-7.2218,317.7,2.1,1.4,2008-10-03,1408,Aqua,MODIS,76,6.2,296.3,34.1,D,0
40.8091,-7.2135,309.2,2.1,1.4,2008-10-03,1408,Aqua,MODIS,64,6.2,296.4,14.8,D,0
41.9077,-6.685,305.4,3.9,1.8,2008-10-05,1036,Terra,MODIS,57,6.2,290.2,38.6,D,0
41.8911,-6.6859,304.8,3.9,1.8,2008-10-05,1036,Terra,MODIS,49,6.2,290.8,35,D,0
41.902,-6.6934,315.7,3.9,1.8,2008-10-05,1036,Terra,MODIS,75,6.2,290.7,92.4,D,0
41.1671,-7.0051,316.9,3.4,1.7,2008-10-05,1214,Terra,MODIS,75,6.2,292.6,77.1,D,0
41.1612,-6.9995,322.7,3.4,1.7,2008-10-05,1214,Terra,MODIS,80,6.2,294.2,111.2,D,0
41.1502,-6.9578,312.6,3.5,1.8,2008-10-05,1214,Terra,MODIS,70,6.2,294.9,58.6,D,0
41.1565,-6.9637,317.6,3.5,1.8,2008-10-05,1214,Terra,MODIS,76,6.2,294.3,83.2,D,0
41.9125,-6.691,307.1,3.4,1.7,2008-10-05,1214,Terra,MODIS,63,6.2,292.3,39.2,D,0
41.1647,-6.9885,374.8,1.4,1.2,2008-10-05,1356,Aqua,MODIS,100,6.2,303.4,214.4,D,0
41.9088,-6.7052,316.4,1.5,1.2,2008-10-05,1356,Aqua,MODIS,73,6.2,297.6,20.1,D,0
41.8569,-8.7875,326.8,1.2,1.1,2008-10-05,1356,Aqua,MODIS,73,6.2,283.5,29.6,D,0
41.8554,-8.8012,339,1.2,1.1,2008-10-05,1356,Aqua,MODIS,79,6.2,286.3,51.3,D,0
41.1543,-6.9853,324.7,1.4,1.2,2008-10-05,1356,Aqua,MODIS,79,6.2,302.4,30.1,D,0
40.622,-7.0583,346.3,1.4,1.2,2008-10-05,1356,Aqua,MODIS,94,6.2,298.5,80.7,D,0
41.1664,-6.9713,360.3,1.4,1.2,2008-10-05,1356,Aqua,MODIS,100,6.2,297.3,137.1,D,0
41.1526,-7.0025,316.2,1.4,1.2,2008-10-05,1356,Aqua,MODIS,61,6.2,301.7,15.5,D,0
41.8534,-8.7944,357,1.2,1.1,2008-10-05,1356,Aqua,MODIS,86,6.2,286.6,95.3,D,0
41.9097,-6.5754,308,1.5,1.2,2008-10-05,1356,Aqua,MODIS,58,6.2,295.2,10.4,D,0
40.6204,-7.0748,328.7,1.4,1.2,2008-10-05,1356,Aqua,MODIS,83,6.2,298.5,35.6,D,0
40.8641,-7.2781,315,1.1,1,2008-10-06,1119,Terra,MODIS,70,6.2,299.9,7.6,D,0
38.2343,-8.2605,313.3,1.1,1,2008-10-06,1120,Terra,MODIS,45,6.2,301.8,4.9,D,0
40.4535,-7.3115,312.1,2.5,1.5,2008-10-06,1301,Aqua,MODIS,62,6.2,296.1,30.3,D,0
40.4477,-7.3365,312,2.5,1.5,2008-10-06,1301,Aqua,MODIS,62,6.2,295.3,30.9,D,0
40.6489,-7.4519,310.5,1,1,2008-10-09,1331,Aqua,MODIS,69,6.2,294.5,7.7,D,0
40.647,-7.4643,314,1,1,2008-10-09,1331,Aqua,MODIS,73,6.2,294.5,10.7,D,0
40.6579,-7.4546,312.1,1,1,2008-10-09,1331,Aqua,MODIS,64,6.2,293.8,8.7,D,0
40.7571,-6.9435,328.2,1,1,2008-10-09,1331,Aqua,MODIS,85,6.2,296.1,23.7,D,0
40.766,-6.9459,322.8,1,1,2008-10-09,1331,Aqua,MODIS,81,6.2,296.2,18.2,D,0
41.4411,-7.667,302.4,1,1,2008-10-09,1332,Aqua,MODIS,51,6.2,291.3,4.5,D,0
40.5087,-7.7457,309.1,2.3,1.5,2008-10-10,1414,Aqua,MODIS,61,6.2,296.4,15.8,D,0
40.1081,-8.7684,311.3,2,1.4,2008-10-10,1414,Aqua,MODIS,33,6.2,296.9,12.3,D,0
40.1093,-8.774,313.1,2,1.4,2008-10-10,1414,Aqua,MODIS,69,6.2,296.7,17.6,D,0
40.1061,-8.7918,309.9,2,1.4,2008-10-10,1414,Aqua,MODIS,18,6.2,295.8,9.8,D,0
40.0355,-8.7355,320.9,2,1.4,2008-10-10,1414,Aqua,MODIS,78,6.2,297.3,36.7,D,0
40.5536,-7.5822,312.6,2.1,1.4,2008-10-10,2200,Terra,MODIS,85,6.2,283.1,38.7,N,0
40.5485,-7.6058,308.6,2.1,1.4,2008-10-10,2200,Terra,MODIS,75,6.2,278.9,30.9,N,0
41.5406,-7.4719,313,1.5,1.2,2008-10-11,0214,Aqua,MODIS,86,6.2,283.4,26.7,N,0
41.5423,-7.4893,332.3,1.5,1.2,2008-10-11,0214,Aqua,MODIS,100,6.2,283.8,64,N,0
38.1875,-8.7377,314.9,1,1,2008-10-14,1349,Aqua,MODIS,66,6.2,298,8.3,D,0
38.9391,-7.7438,310.9,1.2,1.1,2008-10-15,1113,Terra,MODIS,55,6.2,297.7,6.2,D,0
38.2551,-8.0594,312.4,4.1,1.9,2008-10-15,1432,Aqua,MODIS,51,6.2,295.3,46.8,D,0
38.2601,-8.0676,311.8,4.1,1.9,2008-10-15,1432,Aqua,MODIS,48,6.2,295.3,42.2,D,0
39.5852,-8.2873,340.6,4.1,1.9,2008-10-15,1433,Aqua,MODIS,68,6.2,295.5,311.1,D,0
39.4769,-7.4368,310.2,1.9,1.4,2008-10-16,1156,Terra,MODIS,61,6.2,296,12.4,D,0
38.1019,-7.7243,313.7,2,1.4,2008-10-16,1156,Terra,MODIS,67,6.2,299.2,18.4,D,0
38.0098,-7.934,324.9,2,1.4,2008-10-16,1156,Terra,MODIS,80,6.2,299.4,42.6,D,0
38.0143,-7.9556,313.9,2,1.4,2008-10-16,1156,Terra,MODIS,60,6.2,300.2,13.8,D,0
38.0008,-7.9316,313.7,2,1.4,2008-10-16,1156,Terra,MODIS,61,6.2,298.9,14,D,0
38.0055,-7.9531,314.2,2,1.4,2008-10-16,1156,Terra,MODIS,65,6.2,299.8,14.4,D,0
38.0128,-7.9275,313.5,2,1.4,2008-10-16,1156,Terra,MODIS,52,6.2,299.8,13.9,D,0
38.0174,-7.9491,314.1,2,1.4,2008-10-16,1156,Terra,MODIS,58,6.2,300.1,14.6,D,0
39.5089,-8.4401,306.8,1.7,1.3,2008-10-16,1156,Terra,MODIS,35,6.2,291.6,8.6,D,0
38.1015,-7.8431,326.5,2,1.4,2008-10-16,1156,Terra,MODIS,82,6.2,299.8,48.9,D,0
38.0968,-7.8212,317.4,2,1.4,2008-10-16,1156,Terra,MODIS,72,6.2,298.9,24.2,D,0
38.0779,-7.8865,317.2,1,1,2008-10-16,1337,Aqua,MODIS,65,6.2,300.5,7.5,D,0
37.955,-7.9571,323.8,1,1,2008-10-16,1337,Aqua,MODIS,77,6.2,299.9,14.3,D,0
37.8684,-8.2641,317.5,1.1,1,2008-10-16,1337,Aqua,MODIS,68,6.2,301.2,8.9,D,0
38.0615,-8.216,324,1.1,1,2008-10-16,1337,Aqua,MODIS,77,6.2,300.8,15,D,0
38.0596,-8.2278,339.6,1.1,1,2008-10-16,1337,Aqua,MODIS,90,6.2,302.4,37.8,D,0
38.9519,-7.4924,321.7,1,1,2008-10-16,1337,Aqua,MODIS,75,6.2,299.5,13.2,D,0
37.9371,-7.5401,325.9,1,1,2008-10-16,1337,Aqua,MODIS,80,6.2,302.8,16.6,D,0
37.9316,-7.515,327.1,1,1,2008-10-16,1337,Aqua,MODIS,81,6.2,302.1,18.7,D,0
38.1675,-7.3022,312.7,1,1,2008-10-16,1337,Aqua,MODIS,24,6.2,300.8,5.1,D,0
38.1798,-7.2817,321.6,1,1,2008-10-16,1337,Aqua,MODIS,74,6.2,301.3,13,D,0
38.9536,-7.481,316.6,1,1,2008-10-16,1337,Aqua,MODIS,68,6.2,299.7,8.1,D,0
38.0737,-7.3078,322.3,1,1,2008-10-16,1337,Aqua,MODIS,75,6.2,301.1,14,D,0
38.0754,-7.2965,348.2,1,1,2008-10-16,1337,Aqua,MODIS,94,6.2,302.7,52.7,D,0
38.3632,-7.2919,346.1,1,1,2008-10-16,1337,Aqua,MODIS,93,6.2,301.9,48,D,0
38.8975,-7.1181,320.9,1,1,2008-10-16,1337,Aqua,MODIS,74,6.2,303.7,11,D,0
37.985,-7.4038,312.8,1,1,2008-10-16,1337,Aqua,MODIS,57,6.2,301.2,5,D,0
38.1796,-7.583,314.1,1,1,2008-10-16,1337,Aqua,MODIS,60,6.2,301,6.6,D,0
39.0325,-7.0743,317.9,1,1,2008-10-16,1337,Aqua,MODIS,70,6.2,300.9,8.5,D,0
39.0258,-7.1199,338.4,1,1,2008-10-16,1337,Aqua,MODIS,77,6.2,302.3,33.5,D,0
39.0613,-7.1352,320.8,1,1,2008-10-16,1337,Aqua,MODIS,74,6.2,301.2,11.1,D,0
38.2232,-8.0812,319.1,1,1,2008-10-16,1337,Aqua,MODIS,71,6.2,301,10.2,D,0
38.0761,-7.898,314.3,1,1,2008-10-16,1337,Aqua,MODIS,39,6.2,300.4,4.8,D,0
37.9513,-7.9804,326.8,1,1,2008-10-16,1337,Aqua,MODIS,80,6.2,302.6,17,D,0
38.3615,-7.3033,360,1,1,2008-10-16,1337,Aqua,MODIS,99,6.2,305.6,80.1,D,0
37.6855,-8.1309,313.9,1.1,1,2008-10-16,1337,Aqua,MODIS,63,6.2,298.8,6.7,D,0
38.0936,-7.8961,316.4,1,1,2008-10-16,1337,Aqua,MODIS,66,6.2,301.8,7,D,0
38.0918,-7.9077,325.9,1,1,2008-10-16,1337,Aqua,MODIS,79,6.2,302.1,17,D,0
38.7461,-7.2632,340.5,1,1,2008-10-16,1337,Aqua,MODIS,90,6.2,304,36.7,D,0
37.9531,-7.9688,383.6,1,1,2008-10-16,1337,Aqua,MODIS,100,6.2,307.7,170.1,D,0
37.939,-7.8205,313.4,1,1,2008-10-16,1337,Aqua,MODIS,59,6.2,301,4.8,D,0
37.6836,-8.1426,320.8,1.1,1,2008-10-16,1337,Aqua,MODIS,75,6.2,299.8,13.5,D,0
38.0111,-7.9538,316,1,1,2008-10-16,1337,Aqua,MODIS,65,6.2,302.6,6.3,D,0
38.755,-7.2654,322.8,1,1,2008-10-16,1337,Aqua,MODIS,76,6.2,301.7,13.1,D,0
37.9443,-7.5538,313.9,1,1,2008-10-16,1337,Aqua,MODIS,47,6.2,301.7,5.3,D,0
37.946,-7.5423,318.1,1,1,2008-10-16,1337,Aqua,MODIS,69,6.2,302.4,8.7,D,0
37.669,-8.3181,310.7,1.3,1.1,2008-10-18,1144,Terra,MODIS,39,6.2,295.7,7.1,D,0
39.5116,-8.4979,313.8,1.4,1.2,2008-10-18,1325,Aqua,MODIS,60,6.2,290.1,12.9,D,0
39.0921,-7.0959,309.4,1.2,1.1,2008-10-18,1325,Aqua,MODIS,50,6.2,296.1,4.7,D,0
39.5145,-8.4827,313.6,1.4,1.2,2008-10-18,1325,Aqua,MODIS,45,6.2,293.3,12.3,D,0
39.4616,-8.2776,314.5,1.3,1.1,2008-10-18,1325,Aqua,MODIS,44,6.2,295.4,11.5,D,0
39.461,-8.2668,319.8,1.3,1.1,2008-10-18,1325,Aqua,MODIS,57,6.2,295.9,18.2,D,0
39.5151,-8.4923,322.6,1.4,1.2,2008-10-18,1325,Aqua,MODIS,76,6.2,293.7,25.9,D,0
39.4644,-8.2625,315.7,1.3,1.1,2008-10-18,1325,Aqua,MODIS,51,6.2,294,12.6,D,0
40.8576,-7.2917,307.1,2,1.4,2008-10-19,1408,Aqua,MODIS,57,6.2,293.2,12.1,D,0
38.1371,-7.7462,313.2,1,1,2008-10-20,1132,Terra,MODIS,70,6.2,287.6,7.7,D,0
38.8508,-7.4542,314.1,1,1,2008-10-20,1132,Terra,MODIS,68,6.2,295.8,7.7,D,0
37.828,-8.1343,312.1,1,1,2008-10-20,1132,Terra,MODIS,68,6.2,295.4,6.2,D,0
37.8259,-8.7459,310.3,1.1,1,2008-10-21,1355,Aqua,MODIS,59,6.2,295.6,5.8,D,0
39.2616,-9.0848,305.9,1.2,1.1,2008-10-22,1119,Terra,MODIS,62,6.2,289.9,6.8,D,0
39.6683,-8.9896,303.2,1.2,1.1,2008-10-22,1119,Terra,MODIS,55,6.2,289.7,6.6,D,0
38.9499,-8.7781,315.3,1.2,1.1,2008-10-22,1119,Terra,MODIS,76,6.2,288.7,15.2,D,0
39.2714,-9.083,306,1.2,1.1,2008-10-22,1119,Terra,MODIS,63,6.2,290.4,6.9,D,0
38.9515,-8.7913,309.6,1.2,1.1,2008-10-22,1119,Terra,MODIS,69,6.2,288.7,9.6,D,0
38.8633,-9.2385,308.1,1.3,1.1,2008-10-22,2224,Terra,MODIS,73,6.2,282.6,15.7,N,0
38.5257,-7.8174,309.3,2.4,1.5,2008-10-23,1202,Terra,MODIS,66,6.2,294.4,16.5,D,0
38.8919,-7.0753,314.2,1,1,2008-10-23,1343,Aqua,MODIS,67,6.2,298.1,7.2,D,0
38.5223,-7.8264,312.3,1,1,2008-10-23,1343,Aqua,MODIS,64,6.2,298.9,5.1,D,0
38.8289,-7.1398,314.5,1,1,2008-10-23,1343,Aqua,MODIS,57,6.2,298.3,6.6,D,0
38.8379,-7.1418,320.9,1,1,2008-10-23,1343,Aqua,MODIS,76,6.2,299.2,12.7,D,0
37.9305,-7.9667,315.1,1,1,2008-10-23,1343,Aqua,MODIS,70,6.2,298,7.1,D,0
38.2682,-8.3733,314.9,1,1,2008-10-23,1343,Aqua,MODIS,69,6.2,297.4,8.8,D,0
38.2243,-8.0996,316.1,1,1,2008-10-23,1343,Aqua,MODIS,71,6.2,299.8,7.7,D,0
38.2665,-8.3846,311.8,1,1,2008-10-23,1343,Aqua,MODIS,62,6.2,295.9,6.5,D,0
38.226,-8.0884,322.1,1,1,2008-10-23,1343,Aqua,MODIS,78,6.2,299.9,13.5,D,0
37.9052,-8.2043,312,1,1,2008-10-23,1343,Aqua,MODIS,60,6.2,298.5,4.6,D,0
38.2754,-8.3867,311.6,1,1,2008-10-23,1343,Aqua,MODIS,40,6.2,296.5,5.9,D,0
38.9821,-8.8548,318,1,1,2008-10-23,1343,Aqua,MODIS,74,6.2,294.1,12.4,D,0
37.9069,-8.1931,317.6,1,1,2008-10-23,1343,Aqua,MODIS,73,6.2,299.1,8.9,D,0
39.0749,-7.1524,322.3,1,1,2008-10-23,1343,Aqua,MODIS,78,6.2,297.4,15.1,D,0
39.0733,-7.1641,321.9,1,1,2008-10-23,1343,Aqua,MODIS,78,6.2,297.8,14.5,D,0
38.2893,-8.542,317.5,1,1,2008-10-23,1343,Aqua,MODIS,73,6.2,297.1,11.7,D,0
38.8448,-7.6248,310.9,1,1,2008-10-23,1343,Aqua,MODIS,60,6.2,295.6,6.1,D,0
37.9836,-7.7237,313.4,1,1,2008-10-23,1343,Aqua,MODIS,67,6.2,298,5.9,D,0
41.1507,-8.0739,301.2,1,1,2008-10-23,1344,Aqua,MODIS,46,6.2,290.3,4,D,0
39.4041,-8.4977,311.6,1,1,2008-10-23,1344,Aqua,MODIS,64,6.2,298.3,5,D,0
41.9044,-7.0896,320.4,1.1,1,2008-10-23,1344,Aqua,MODIS,80,6.2,291.2,19.8,D,0
41.9028,-7.1024,306.9,1.1,1,2008-10-23,1344,Aqua,MODIS,64,6.2,290.3,7.7,D,0
40.0876,-8.751,313.3,1,1,2008-10-23,1344,Aqua,MODIS,74,6.2,293.8,9.1,D,0
41.6433,-8.5145,306.7,1,1,2008-10-23,1344,Aqua,MODIS,64,6.2,291.6,6.9,D,0
40.2436,-8.5021,307.6,1,1,2008-10-23,1344,Aqua,MODIS,66,6.2,294.6,5.7,D,0
41.0838,-7.8921,300.9,1,1,2008-10-23,1344,Aqua,MODIS,42,6.2,289.3,4.8,D,0
41.0628,-7.2042,317.2,1.1,1,2008-10-23,1344,Aqua,MODIS,77,6.2,292,14.6,D,0
41.0644,-7.1917,314.9,1.1,1,2008-10-23,1344,Aqua,MODIS,75,6.2,292,12.4,D,0
39.5537,-8.3867,311.2,1.6,1.2,2008-10-24,1107,Terra,MODIS,66,6.2,295.9,14,D,0
39.5532,-8.3799,307.7,1.6,1.2,2008-10-24,1107,Terra,MODIS,43,6.2,295.9,8,D,0
39.5549,-8.3984,309.6,1.6,1.2,2008-10-24,1107,Terra,MODIS,62,6.2,295.6,10.5,D,0
38.5409,-7.8122,318.4,1.4,1.2,2008-10-24,1107,Terra,MODIS,71,6.2,298.2,16.8,D,0
38.5426,-7.8286,315.1,1.4,1.2,2008-10-24,1107,Terra,MODIS,44,6.2,298.6,11.5,D,0
38.8955,-7.5127,308.9,1.4,1.2,2008-10-24,1107,Terra,MODIS,59,6.2,296.4,7.2,D,0
39.0944,-7.4669,319.2,1.4,1.2,2008-10-24,1107,Terra,MODIS,75,6.2,298,19.8,D,0
38.0787,-7.8527,327.6,1.4,1.2,2008-10-24,1107,Terra,MODIS,84,6.2,298.3,34,D,0
40.4743,-7.5518,313.2,1.5,1.2,2008-10-24,1107,Terra,MODIS,73,6.2,286.2,22.2,D,0
40.4725,-7.5333,370.8,1.5,1.2,2008-10-24,1107,Terra,MODIS,100,6.2,292.4,211.7,D,0
38.5303,-7.8139,315.5,1.4,1.2,2008-10-24,1107,Terra,MODIS,49,6.2,297.9,11.5,D,0
40.4356,-7.5307,310.2,1.5,1.2,2008-10-24,1107,Terra,MODIS,70,6.2,289.4,17,D,0
40.4693,-7.5394,364.3,1.5,1.2,2008-10-24,1107,Terra,MODIS,100,6.2,289.9,174.8,D,0
40.4339,-7.5136,313.4,1.5,1.2,2008-10-24,1107,Terra,MODIS,74,6.2,289.4,20.6,D,0
40.4677,-7.524,327.8,1.5,1.2,2008-10-24,1107,Terra,MODIS,85,6.2,290.1,46.3,D,0
38.0804,-7.869,321.7,1.4,1.2,2008-10-24,1107,Terra,MODIS,79,6.2,299,22.9,D,0
40.471,-7.5526,308.5,3.8,1.8,2008-10-24,1249,Aqua,MODIS,67,6.2,286.4,64.9,D,0
40.0516,-7.397,312.2,3.8,1.8,2008-10-24,1249,Aqua,MODIS,72,6.2,296.1,62.2,D,0
40.4654,-7.5392,311.8,3.8,1.8,2008-10-24,1249,Aqua,MODIS,72,6.2,287.4,77.1,D,0
39.0136,-7.4493,310.2,3.7,1.8,2008-10-24,1426,Aqua,MODIS,62,6.2,297.5,30.8,D,0
38.9523,-8.7178,314.2,3,1.7,2008-10-24,1426,Aqua,MODIS,69,6.2,296.4,46.2,D,0
38.9543,-8.713,311.1,3,1.7,2008-10-24,1426,Aqua,MODIS,64,6.2,296.6,34.3,D,0
39.007,-7.4442,310.3,3.7,1.8,2008-10-24,1426,Aqua,MODIS,62,6.2,297.3,31.3,D,0
40.9664,-8.0305,316.5,1.4,1.2,2008-10-25,1149,Terra,MODIS,75,6.2,292.1,21.1,D,0
40.9795,-8.0425,310,1.4,1.2,2008-10-25,1149,Terra,MODIS,53,6.2,290.5,13.4,D,0
40.9823,-8.0573,308.6,1.4,1.2,2008-10-25,1149,Terra,MODIS,50,6.2,290.3,11.6,D,0
40.807,-6.9909,302.4,1.6,1.2,2008-10-25,1149,Terra,MODIS,52,6.2,290.8,7.1,D,0
40.8035,-6.9733,302.4,1.6,1.2,2008-10-25,1149,Terra,MODIS,52,6.2,291.9,6.8,D,0
38.9193,-7.2878,310.4,1.7,1.3,2008-10-25,1150,Terra,MODIS,64,6.2,297,10.6,D,0
38.921,-7.2936,310.1,1.7,1.3,2008-10-25,1150,Terra,MODIS,63,6.2,297.1,10.8,D,0
38.9074,-7.3965,313.6,1.1,1,2008-10-25,1331,Aqua,MODIS,64,6.2,299.7,7.1,D,0
39.2671,-8.8219,310.5,1.2,1.1,2008-10-25,1331,Aqua,MODIS,57,6.2,300.1,5.7,D,0
39.0527,-8.978,311.4,1.2,1.1,2008-10-25,1331,Aqua,MODIS,59,6.2,299.7,7.8,D,0
39.0135,-8.7288,310.5,1.2,1.1,2008-10-25,1331,Aqua,MODIS,56,6.2,298.1,5.9,D,0
38.4953,-8.5558,308.7,1.2,1.1,2008-10-25,1331,Aqua,MODIS,47,6.2,297.8,5.9,D,0
40.8101,-7.1575,309.5,1,1,2008-10-25,1332,Aqua,MODIS,66,6.2,293.8,7.2,D,0
40.812,-7.1456,323.3,1,1,2008-10-25,1332,Aqua,MODIS,81,6.2,294.5,19.5,D,0
41.1852,-7.8832,317.5,1.1,1,2008-10-25,1332,Aqua,MODIS,76,6.2,291.2,16.1,D,0
40.7591,-7.0132,316.4,1,1,2008-10-25,1332,Aqua,MODIS,75,6.2,292.9,13.4,D,0
40.8004,-6.9806,308.2,1,1,2008-10-25,1332,Aqua,MODIS,63,6.2,294.8,5.7,D,0
40.7985,-6.9925,306,1,1,2008-10-25,1332,Aqua,MODIS,57,6.2,293.6,4.5,D,0
40.9766,-6.9791,320.3,1,1,2008-10-25,1332,Aqua,MODIS,79,6.2,296,15.3,D,0
40.9747,-6.9911,309.7,1,1,2008-10-25,1332,Aqua,MODIS,36,6.2,294.6,6.1,D,0
41.183,-7.8961,308.2,1.1,1,2008-10-25,1332,Aqua,MODIS,64,6.2,293.2,8.3,D,0
40.9855,-6.9816,321.9,1,1,2008-10-25,1332,Aqua,MODIS,80,6.2,295.3,16.5,D,0
41.3308,-7.56,306.7,1,1,2008-10-25,1332,Aqua,MODIS,61,6.2,294.9,6,D,0
41.0647,-7.7729,318.4,1.1,1,2008-10-25,1332,Aqua,MODIS,77,6.2,294.4,16,D,0
41.1773,-7.8888,321,1.1,1,2008-10-25,1332,Aqua,MODIS,80,6.2,293.8,17.7,D,0
41.2995,-7.4055,310.7,1,1,2008-10-25,1332,Aqua,MODIS,68,6.2,294.1,9.2,D,0
41.0666,-7.7608,313.1,1.1,1,2008-10-25,1332,Aqua,MODIS,72,6.2,294.9,11.1,D,0
40.9785,-8.0652,316.9,1.5,1.2,2008-10-25,2255,Terra,MODIS,94,6.2,284.9,32.1,N,0
40.9769,-8.0816,326.7,1.5,1.2,2008-10-25,2255,Terra,MODIS,100,6.2,286,49.5,N,0
41.6528,-7.7941,301.5,2.4,1.5,2008-10-26,1054,Terra,MODIS,47,6.2,284.9,16.7,D,0
39.4659,-8.2029,306.4,2.4,1.5,2008-10-26,1055,Terra,MODIS,47,6.2,296,13.1,D,0
37.9524,-7.9264,308.8,2.2,1.4,2008-10-26,1055,Terra,MODIS,60,6.2,296.5,12.7,D,0
39.4712,-8.2097,307.2,2.4,1.5,2008-10-26,1055,Terra,MODIS,49,6.2,295.9,13.2,D,0
32.6954,-17.0605,320.9,1.2,1.1,2008-10-26,1413,Aqua,MODIS,73,6.2,295,20.7,D,0
39.0388,-9.0246,322.6,1.9,1.3,2008-10-26,1414,Aqua,MODIS,77,6.2,300,36.3,D,0
41.0355,-7.8924,308.4,2.3,1.5,2008-10-26,1415,Aqua,MODIS,63,6.2,294.1,23.9,D,0
40.9726,-7.4745,313.5,2.5,1.5,2008-10-26,1415,Aqua,MODIS,72,6.2,294.6,36.7,D,0
40.9708,-7.5025,309.9,2.5,1.5,2008-10-26,1415,Aqua,MODIS,50,6.2,295.2,26.2,D,0
40.5831,-7.6601,314.5,1.1,1,2008-10-27,1137,Terra,MODIS,75,6.2,294,12.8,D,0
40.2084,-7.3231,312.5,1.1,1.1,2008-10-27,1137,Terra,MODIS,70,6.2,297.6,10.3,D,0
38.8841,-7.6843,319,1.1,1.1,2008-10-27,1138,Terra,MODIS,74,6.2,299.9,14.3,D,0
38.8214,-7.9183,309.3,1.1,1,2008-10-27,1138,Terra,MODIS,55,6.2,297.8,5.2,D,0
38.5492,-7.4199,319.6,1.2,1.1,2008-10-27,1138,Terra,MODIS,75,6.2,296.3,14.3,D,0
38.9581,-8.3487,315.2,1.1,1,2008-10-27,1138,Terra,MODIS,69,6.2,296.3,10.9,D,0
38.9523,-8.3567,309.1,1.1,1,2008-10-27,1138,Terra,MODIS,54,6.2,296.1,6.3,D,0
38.9503,-8.3446,308.6,1.1,1,2008-10-27,1138,Terra,MODIS,52,6.2,296.3,5.8,D,0
40.5814,-7.6516,314.9,1.4,1.2,2008-10-27,1319,Aqua,MODIS,75,6.2,288.2,19.1,D,0
40.5783,-7.6677,319,1.4,1.2,2008-10-27,1319,Aqua,MODIS,79,6.2,288.2,25.1,D,0
39.0702,-8.7284,309,1.7,1.3,2008-10-27,1319,Aqua,MODIS,49,6.2,295.3,11.9,D,0
38.9468,-8.3506,309.1,1.7,1.3,2008-10-27,1319,Aqua,MODIS,51,6.2,295.4,10.8,D,0
38.9279,-8.5585,304.2,1.3,1.1,2008-10-28,1402,Aqua,MODIS,58,6.2,289.4,6.9,D,0
39.0935,-8.5397,326.2,1,1,2008-10-29,1125,Terra,MODIS,84,6.2,291.5,24,D,0
39.2016,-8.8579,302.4,1,1,2008-10-29,1125,Terra,MODIS,52,6.2,291.2,4,D,0
39.2759,-8.7252,303.1,1,1,2008-10-29,1125,Terra,MODIS,55,6.2,289.5,3.8,D,0
38.7306,-8.0485,304.7,1,1,2008-10-29,1125,Terra,MODIS,58,6.2,290,4.9,D,0
38.8034,-8.5682,300.8,1,1,2008-10-29,1125,Terra,MODIS,42,6.2,290.6,3.3,D,0
38.7395,-8.0464,308.5,1,1,2008-10-29,1125,Terra,MODIS,67,6.2,290.4,7.5,D,0
38.9434,-8.5852,304.7,1,1,2008-10-29,1125,Terra,MODIS,60,6.2,290.9,5,D,0
38.7726,-8.6832,303.1,1,1,2008-10-29,1126,Terra,MODIS,55,6.2,291.6,4.5,D,0
38.1338,-7.4337,301.5,1,1,2008-10-29,1126,Terra,MODIS,48,6.2,290.7,3.1,D,0
38.477,-7.6963,313.5,1,1,2008-10-29,1126,Terra,MODIS,74,6.2,293.4,10.3,D,0
38.229,-8.0875,304.8,1,1,2008-10-29,1126,Terra,MODIS,60,6.2,293.3,3.5,D,0
37.8458,-7.9892,305.6,1,1,2008-10-29,1126,Terra,MODIS,62,6.2,292,4.7,D,0
38.5283,-7.6667,312.9,1,1,2008-10-29,1126,Terra,MODIS,73,6.2,292.8,10,D,0
38.2306,-8.0988,314.9,1,1,2008-10-29,1126,Terra,MODIS,75,6.2,293.3,10.6,D,0
38.1403,-8.2422,310.6,1,1,2008-10-29,1126,Terra,MODIS,70,6.2,293.4,7.9,D,0
38.5211,-7.6049,304.1,2.3,1.5,2008-10-29,1307,Aqua,MODIS,56,6.2,292.3,14,D,0
38.5268,-7.579,304,2.3,1.5,2008-10-29,1307,Aqua,MODIS,58,6.2,291.3,13.8,D,0
38.8287,-7.1236,310.5,2.1,1.4,2008-10-29,1307,Aqua,MODIS,70,6.2,291.9,25.6,D,0
38.5235,-7.5852,307.4,2.3,1.5,2008-10-29,1307,Aqua,MODIS,65,6.2,291.8,22.2,D,0
38.1321,-8.2429,303.3,2.6,1.6,2008-10-29,1307,Aqua,MODIS,56,6.2,292.2,14.5,D,0
38.8618,-9.2362,308.3,1.1,1.1,2008-10-29,2230,Terra,MODIS,74,6.2,279.7,14.3,N,0
38.2752,-8.5483,307.6,1.1,1,2008-11-01,1337,Aqua,MODIS,65,6.2,288.2,8.6,D,0
38.2822,-8.5438,310.9,2,1.4,2008-11-02,1101,Terra,MODIS,71,6.2,286.8,28.3,D,0
39.0374,-8.3235,301.7,1.2,1.1,2008-11-03,1144,Terra,MODIS,48,6.2,275.7,8.3,D,0
37.7617,-8.7808,303.5,1.2,1.1,2008-11-03,1144,Terra,MODIS,56,6.2,289.3,6.1,D,0
38.0431,-7.8729,305.6,1.7,1.3,2008-11-04,1408,Aqua,MODIS,48,6.2,288.7,12.7,D,0
38.0459,-7.8665,305.8,1.7,1.3,2008-11-04,1408,Aqua,MODIS,39,6.2,286.4,11.9,D,0
37.6476,-8.7563,316.8,1,1,2008-11-08,1343,Aqua,MODIS,76,6.2,291.1,14,D,0
37.6459,-8.7676,308.4,1,1,2008-11-08,1343,Aqua,MODIS,66,6.2,291.2,7.5,D,0
38.4272,-8.4371,307.6,3.1,1.7,2008-11-09,1427,Aqua,MODIS,66,6.2,295.6,31.4,D,0
38.9508,-8.3462,301.9,1.4,1.2,2008-11-10,1150,Terra,MODIS,50,6.2,285.2,7.5,D,0
38.9295,-8.4937,305.1,1.4,1.2,2008-11-10,1150,Terra,MODIS,57,6.2,289.3,8.9,D,0
38.3392,-8.5897,307.2,1.2,1.1,2008-11-10,1331,Aqua,MODIS,65,6.2,289.7,9,D,0
38.3368,-8.6032,307.9,1.2,1.1,2008-11-10,1331,Aqua,MODIS,66,6.2,289.4,9.5,D,0
39.4371,-8.4569,300.2,1.2,1.1,2008-11-10,1332,Aqua,MODIS,27,6.2,285.5,5,D,0
38.9399,-8.3511,305.3,1.2,1.1,2008-11-10,1332,Aqua,MODIS,61,6.2,275.2,9.2,D,0
38.5547,-7.5138,301.5,1.1,1.1,2008-11-12,1138,Terra,MODIS,48,6.2,289.5,4.7,D,0
38.8215,-7.1389,306,1.2,1.1,2008-11-12,1138,Terra,MODIS,62,6.2,291.3,6.6,D,0
37.8097,-8.6571,300.9,1.1,1,2008-11-12,1138,Terra,MODIS,43,6.2,290.9,3.3,D,0
38.9794,-8.7102,300.1,1,1,2008-11-12,1138,Terra,MODIS,30,6.2,288.5,4.1,D,0
38.5525,-7.501,305.6,1.1,1.1,2008-11-12,1138,Terra,MODIS,62,6.2,288.9,7.5,D,0
38.9854,-7.0256,302.2,1.4,1.2,2008-11-12,1319,Aqua,MODIS,51,6.2,291.8,5.6,D,0
38.8956,-7.0741,304.5,3.1,1.7,2008-11-13,1043,Terra,MODIS,59,6.2,289.5,29.2,D,0
38.9686,-8.7863,303.7,1.3,1.1,2008-11-13,1402,Aqua,MODIS,57,6.2,291.2,6.1,D,0
38.433,-7.81,307.5,1.4,1.2,2008-11-13,1402,Aqua,MODIS,65,6.2,294,9.3,D,0
39.2857,-8.5841,306.9,1,1,2008-11-14,1125,Terra,MODIS,64,6.2,290.6,6.8,D,0
40.4389,-7.5274,305.2,1,1,2008-11-14,1125,Terra,MODIS,61,6.2,281.9,8.8,D,0
40.4373,-7.5157,328.6,1,1,2008-11-14,1125,Terra,MODIS,86,6.2,283.5,29.6,D,0
39.2841,-8.5722,306.5,1,1,2008-11-14,1125,Terra,MODIS,64,6.2,290.8,6.4,D,0
38.6376,-7.8351,303.1,1,1,2008-11-14,1126,Terra,MODIS,55,6.2,290.9,4,D,0
38.8852,-7.8891,303.2,1,1,2008-11-14,1126,Terra,MODIS,55,6.2,291.5,4.3,D,0
38.7101,-8.4821,310.3,1,1,2008-11-14,1126,Terra,MODIS,70,6.2,288.7,10.5,D,0
37.671,-8.7591,305,1,1,2008-11-14,1126,Terra,MODIS,60,6.2,292,5.5,D,0
38.2219,-8.0895,306.2,1,1,2008-11-14,1126,Terra,MODIS,63,6.2,293.1,5.6,D,0
37.9533,-7.8249,315.3,1,1,2008-11-14,1126,Terra,MODIS,76,6.2,292.6,11.5,D,0
40.433,-7.5655,311.8,2.1,1.4,2008-11-14,1308,Aqua,MODIS,72,6.2,282.7,37.3,D,0
40.434,-7.5703,313.1,2.1,1.4,2008-11-14,1308,Aqua,MODIS,73,6.2,282.5,42.2,D,0
40.3275,-7.2546,313.2,2,1.4,2008-11-14,1308,Aqua,MODIS,73,6.2,286.4,34.6,D,0
39.2324,-8.6265,308.9,2.5,1.5,2008-11-15,1208,Terra,MODIS,0,6.2,292,29.9,D,0
39.7662,-7.1624,304.7,1.1,1.1,2008-11-15,1350,Aqua,MODIS,60,6.2,292.4,5.7,D,0
40.0991,-7.3639,303.8,1.1,1.1,2008-11-15,1350,Aqua,MODIS,57,6.2,292.2,5.4,D,0
38.1269,-8.3763,308.3,1,1,2008-11-15,1350,Aqua,MODIS,66,6.2,292.5,7.1,D,0
40.2108,-7.3517,302,1.1,1.1,2008-11-15,1350,Aqua,MODIS,40,6.2,290,5.1,D,0
38.1285,-8.3647,303.1,1,1,2008-11-15,1350,Aqua,MODIS,54,6.2,292.5,3.8,D,0
37.8831,-8.2691,307.3,1,1,2008-11-15,1350,Aqua,MODIS,64,6.2,295.3,5.6,D,0
37.8846,-8.2575,305.7,1,1,2008-11-15,1350,Aqua,MODIS,60,6.2,295.2,4.3,D,0
41.2484,-7.5177,310.5,1.3,1.1,2008-11-16,1113,Terra,MODIS,70,6.2,284.1,14.1,D,0
41.2478,-7.5091,310.1,1.3,1.1,2008-11-16,1113,Terra,MODIS,69,6.2,284.4,13.5,D,0
39.2303,-8.6299,302,1.3,1.2,2008-11-16,1113,Terra,MODIS,41,6.2,290.4,5.3,D,0
37.3695,-8.7834,304.5,1.3,1.1,2008-11-16,1114,Terra,MODIS,59,6.2,291.8,7.1,D,0
41.9631,-8.3138,301.7,1.5,1.2,2008-11-17,1155,Terra,MODIS,49,6.2,286,10.7,D,0
40.4276,-7.5369,300.6,1.8,1.3,2008-11-17,1156,Terra,MODIS,39,6.2,285.3,13,D,0
38.0354,-8.1716,316.5,1.9,1.3,2008-11-17,1156,Terra,MODIS,77,6.2,295.6,30.4,D,0
38.7195,-8.4787,301.9,1.7,1.3,2008-11-17,1156,Terra,MODIS,50,6.2,291.5,8.4,D,0
39.624,-8.1929,301.9,1.7,1.3,2008-11-17,1156,Terra,MODIS,43,6.2,289.6,10.3,D,0
39.62,-8.1735,303.3,1.7,1.3,2008-11-17,1156,Terra,MODIS,52,6.2,290,11.8,D,0
40.432,-7.5581,302.5,1.8,1.3,2008-11-17,1156,Terra,MODIS,53,6.2,286.1,15.9,D,0
40.9562,-8.0144,329.2,1,1,2008-11-17,1338,Aqua,MODIS,86,6.2,292.2,28.6,D,0
38.7174,-8.4767,305.4,1.1,1,2008-11-17,1338,Aqua,MODIS,56,6.2,293.3,5.3,D,0
38.0315,-8.1871,328.1,1,1,2008-11-17,1338,Aqua,MODIS,85,6.2,297.6,24.5,D,0
38.0333,-8.1754,351.3,1,1,2008-11-17,1338,Aqua,MODIS,96,6.2,300.7,65.7,D,0
38.5112,-7.7851,307.8,1,1,2008-11-17,1338,Aqua,MODIS,62,6.2,297.1,4.7,D,0
39.1228,-8.5386,303.4,1.2,1.1,2008-11-19,1144,Terra,MODIS,56,6.2,291.2,6,D,0
38.9557,-8.9507,304.5,1.1,1.1,2008-11-19,1144,Terra,MODIS,56,6.2,290.9,6.1,D,0
37.9302,-8.1903,302.6,1.3,1.1,2008-11-19,1144,Terra,MODIS,53,6.2,292.1,5,D,0
38.8128,-8.7225,300.9,1.2,1.1,2008-11-19,1144,Terra,MODIS,42,6.2,290.2,5.1,D,0
39.0039,-8.338,310.5,1.2,1.1,2008-11-19,1144,Terra,MODIS,70,6.2,291.1,12.2,D,0
39.3359,-8.5766,303.5,1.2,1.1,2008-11-19,1144,Terra,MODIS,53,6.2,291.2,5.4,D,0
37.6753,-8.7822,304.2,1.2,1.1,2008-11-19,1144,Terra,MODIS,44,6.2,290,6.4,D,0
37.685,-8.7795,357,1.2,1.1,2008-11-19,1144,Terra,MODIS,75,6.2,294.3,103.2,D,0
38.7092,-8.4916,303.2,1.2,1.1,2008-11-19,1144,Terra,MODIS,55,6.2,289.7,7.1,D,0
39.9862,-7.3556,302.5,1.3,1.1,2008-11-19,1144,Terra,MODIS,52,6.2,290.6,6,D,0
37.9575,-7.4055,301.4,1.3,1.1,2008-11-19,1325,Aqua,MODIS,47,6.2,291.1,4.1,D,0
37.9601,-7.3913,303.2,1.3,1.1,2008-11-19,1325,Aqua,MODIS,55,6.2,292.3,5.6,D,0
38.9995,-8.3438,303.1,1.4,1.2,2008-11-19,1326,Aqua,MODIS,55,6.2,292.4,6.5,D,0
39.4409,-8.4788,304.1,1.4,1.2,2008-11-19,1326,Aqua,MODIS,55,6.2,293,6.4,D,0
38.961,-7.7003,304.9,1.3,1.1,2008-11-19,1326,Aqua,MODIS,60,6.2,291.8,7.1,D,0
38.5437,-7.5462,300.8,1.3,1.1,2008-11-19,1326,Aqua,MODIS,42,6.2,290.5,4.7,D,0
38.9623,-7.6955,303.6,1.3,1.1,2008-11-19,1326,Aqua,MODIS,57,6.2,291.9,6.1,D,0
38.8668,-9.2361,310.2,1.1,1,2008-11-19,2248,Terra,MODIS,79,6.2,282.5,14.5,N,0
40.9573,-8.0683,309.3,1.2,1.1,2008-11-19,2249,Terra,MODIS,77,6.2,279.8,17.8,N,0
40.9792,-8.1156,304.1,3,1.7,2008-11-20,1048,Terra,MODIS,58,6.2,283.3,40.3,D,0
38.1105,-7.7663,302.1,1.8,1.3,2008-11-20,1408,Aqua,MODIS,51,6.2,292,5.8,D,0
38.1124,-7.746,310,1.8,1.3,2008-11-20,1408,Aqua,MODIS,69,6.2,293.2,17.3,D,0
37.5684,-8.6871,302.4,1.5,1.2,2008-11-20,1408,Aqua,MODIS,52,6.2,292,6.9,D,0
38.998,-8.8302,310.8,1.6,1.2,2008-11-20,1409,Aqua,MODIS,70,6.2,291.1,16.2,D,0
40.5527,-8.3484,303.3,1,1,2008-11-21,1131,Terra,MODIS,55,6.2,286.9,6.6,D,0
38.7545,-9.3157,302.4,1,1,2008-11-21,1132,Terra,MODIS,52,6.2,291.2,3.9,D,0
39.3287,-7.7228,302.1,1,1,2008-11-21,1132,Terra,MODIS,50,6.2,290.5,3.9,D,0
39.589,-7.9685,306.4,1,1,2008-11-21,1132,Terra,MODIS,63,6.2,290.1,7.2,D,0
39.3198,-7.7251,301.6,1,1,2008-11-21,1132,Terra,MODIS,45,6.2,290.6,3.5,D,0
41.6146,-8.0598,308.1,1.7,1.3,2008-11-21,1314,Aqua,MODIS,67,6.2,278,22.3,D,0
41.6189,-8.0388,318.8,1.7,1.3,2008-11-21,1314,Aqua,MODIS,79,6.2,279.4,40.3,D,0
38.8646,-9.2278,308.7,1.1,1.1,2008-11-22,0252,Aqua,MODIS,75,6.2,282.4,14.6,N,0
38.9437,-7.0475,309,3.9,1.8,2008-11-22,1214,Terra,MODIS,68,6.2,289.1,55.5,D,0
38.9493,-7.0402,313.2,3.9,1.8,2008-11-22,1214,Terra,MODIS,73,6.2,289.6,72,D,0
37.8789,-8.7061,311.2,1.1,1,2008-11-22,1356,Aqua,MODIS,68,6.2,295.7,8.6,D,0
40.9627,-8.0104,305.5,1.3,1.1,2008-11-22,1357,Aqua,MODIS,61,6.2,285.7,10.5,D,0
41.017,-7.1013,303.3,1.4,1.2,2008-11-22,1357,Aqua,MODIS,55,6.2,292.2,7.5,D,0
40.727,-6.9734,309.3,1.1,1,2008-11-23,1119,Terra,MODIS,68,6.2,285.1,11.1,D,0
39.253,-7.3657,303.5,1,1,2008-11-23,1119,Terra,MODIS,52,6.2,291.1,4.7,D,0
39.0654,-8.544,302.7,1.1,1.1,2008-11-23,1120,Terra,MODIS,53,6.2,289.7,5.3,D,0
41.8911,-6.6727,307.5,2.1,1.4,2008-11-23,1302,Aqua,MODIS,65,6.2,285.7,27,D,0
40.58,-7.4507,301.1,2.5,1.5,2008-11-23,1302,Aqua,MODIS,45,6.2,286.3,20.7,D,0
41.8966,-6.8384,336.1,2.1,1.4,2008-11-23,1302,Aqua,MODIS,90,6.2,287.2,114.5,D,0
41.9023,-6.813,330.5,2.1,1.4,2008-11-23,1302,Aqua,MODIS,87,6.2,285,90.6,D,0
41.896,-6.8302,324.1,2.1,1.4,2008-11-23,1302,Aqua,MODIS,83,6.2,286.8,68.7,D,0
40.3569,-7.4887,317,1,1,2008-11-24,1344,Aqua,MODIS,67,6.2,280.3,17.9,D,0
41.727,-7.5598,307.9,1,1,2008-11-24,1345,Aqua,MODIS,66,6.2,273.2,12.9,D,0
38.9397,-8.6405,300.3,1.4,1.2,2008-11-26,1150,Terra,MODIS,33,6.2,284.2,8.9,D,0
39.6117,-8.5034,312.5,1.4,1.2,2008-11-26,1150,Terra,MODIS,73,6.2,285.7,21.1,D,0
38.4455,-8.6247,307.3,1.2,1.1,2008-11-26,1332,Aqua,MODIS,65,6.2,286.7,11.8,D,0
39.3096,-8.5362,307.2,1.2,1.1,2008-11-26,1332,Aqua,MODIS,61,6.2,288.1,9.9,D,0
39.1965,-8.8782,308.5,1.2,1.1,2008-11-26,1332,Aqua,MODIS,67,6.2,288.2,12.8,D,0
41.6412,-7.0557,303.3,1,1,2008-11-26,1333,Aqua,MODIS,56,6.2,283.8,7.9,D,0
40.7376,-7.4364,311.5,1.6,1.2,2008-11-26,2255,Terra,MODIS,83,6.2,272.7,32,N,0
38.9688,-7.0298,300.1,2,1.4,2008-11-27,1055,Terra,MODIS,27,6.2,286.1,11.6,D,0
38.3577,-8.5981,313.7,1.1,1,2008-11-28,1138,Terra,MODIS,74,6.2,285.4,15.4,D,0
37.6711,-8.7648,330.5,1.1,1,2008-11-28,1138,Terra,MODIS,66,6.2,284.4,33.2,D,0
38.3377,-8.4341,300.1,1.1,1,2008-12-09,1120,Terra,MODIS,23,6.2,284.2,5.7,D,0
38.9181,-8.9663,307,2,1.4,2008-12-10,1203,Terra,MODIS,49,6.2,284.2,26.1,D,0
38.576,-9.0621,300,1,1,2008-12-17,1351,Aqua,MODIS,23,6.2,286.3,5.1,D,0
39.7323,-8.0021,310.4,1,1,2008-12-19,1339,Aqua,MODIS,70,6.2,286.6,11.9,D,0
41.6642,-8.1377,313.4,1.4,1.2,2008-12-21,0221,Aqua,MODIS,87,6.2,281.9,23.1,N,0
41.6748,-8.138,304.5,1.4,1.2,2008-12-21,0221,Aqua,MODIS,60,6.2,282.8,14.5,N,0
41.6661,-8.1552,315.6,1.4,1.2,2008-12-21,0221,Aqua,MODIS,92,6.2,283,25.6,N,0
41.6891,-6.9153,310.6,1.1,1,2008-12-21,1327,Aqua,MODIS,70,6.2,287.4,13.3,D,0
41.6913,-6.9022,340.2,1.1,1,2008-12-21,1327,Aqua,MODIS,92,6.2,289.5,51.3,D,0
41.6833,-6.9068,302.9,1.1,1,2008-12-21,1327,Aqua,MODIS,53,6.2,288.6,7.2,D,0
40.8376,-7.395,308.1,1.1,1.1,2008-12-21,1327,Aqua,MODIS,67,6.2,284.3,12.8,D,0
41.6982,-6.8971,301.1,1.8,1.3,2008-12-22,0304,Aqua,MODIS,15,6.2,278.8,18.4,N,0
40.9583,-7.9889,301.7,1.9,1.3,2008-12-22,1410,Aqua,MODIS,45,6.2,288.3,13.9,D,0
40.9244,-7.8368,301.5,1.7,1.3,2008-12-23,1315,Aqua,MODIS,47,6.2,286.5,12.6,D,0
40.8485,-7.3972,300.3,1.6,1.2,2008-12-23,1315,Aqua,MODIS,35,6.2,283.8,11.8,D,0
40.8523,-7.3783,317.2,1.6,1.2,2008-12-23,1315,Aqua,MODIS,77,6.2,284,35.3,D,0
40.9204,-7.8564,303.4,1.7,1.3,2008-12-23,1315,Aqua,MODIS,56,6.2,286.8,14.4,D,0
40.9215,-7.841,306.7,1.7,1.3,2008-12-23,1315,Aqua,MODIS,64,6.2,286.6,18,D,0
40.9528,-8.0277,300.7,1,1,2008-12-23,2237,Terra,MODIS,33,6.2,277.7,8.7,N,0
41.7166,-8.237,300.2,1,1,2008-12-23,2237,Terra,MODIS,21,6.2,276.8,8.1,N,0
41.6463,-7.7257,303,1,1,2008-12-23,2237,Terra,MODIS,53,6.2,272.9,10.9,N,0
40.958,-8.0202,306.3,1.2,1.1,2008-12-24,0252,Aqua,MODIS,68,6.2,276.4,15,N,0
40.9606,-8.0344,320.1,1.2,1.1,2008-12-24,0252,Aqua,MODIS,100,6.2,276.7,28.8,N,0
41.5241,-8.1386,301.2,1.1,1.1,2008-12-24,0252,Aqua,MODIS,39,6.2,276.6,11,N,0
41.7112,-8.2487,300.3,3.1,1.7,2008-12-25,0157,Aqua,MODIS,23,6.2,276.4,42.7,N,0
41.7135,-8.294,305.1,3.1,1.7,2008-12-25,0157,Aqua,MODIS,63,6.2,276.1,57.7,N,0
41.0465,-8.1075,300.2,1.1,1.1,2008-12-25,1119,Terra,MODIS,31,6.2,279.8,8.3,D,0
40.9551,-7.955,302.2,2.6,1.5,2008-12-25,1303,Aqua,MODIS,51,6.2,282.3,27.6,D,0
40.9548,-7.9289,318.4,2.6,1.5,2008-12-25,1303,Aqua,MODIS,78,6.2,283.9,70.1,D,0
40.9622,-7.9245,313.5,2.6,1.5,2008-12-25,1303,Aqua,MODIS,74,6.2,283.4,57.6,D,0
40.9858,-8.105,302,2.6,1.6,2008-12-25,1303,Aqua,MODIS,50,6.2,283.9,29.7,D,0
40.9459,-7.8628,300.6,1,1,2008-12-26,1345,Aqua,MODIS,40,6.2,280.6,7,D,0
38.2679,-8.5423,304.1,1,1,2008-12-26,1345,Aqua,MODIS,58,6.2,288.1,6.7,D,0
40.0103,-7.2205,309.4,1,1,2008-12-26,1345,Aqua,MODIS,69,6.2,286.8,11.4,D,0
40.8819,-8.1365,320.1,1,1,2008-12-26,1345,Aqua,MODIS,80,6.2,285.8,20.8,D,0
40.994,-7.9858,303.8,1,1,2008-12-26,1345,Aqua,MODIS,57,6.2,277.9,9.2,D,0
41.5358,-8.0652,310.7,1,1,2008-12-26,1346,Aqua,MODIS,70,6.2,282.8,13.3,D,0
41.7604,-7.9005,306,1,1,2008-12-26,1346,Aqua,MODIS,63,6.2,280.8,10.6,D,0
41.9513,-8.1975,301.5,1,1,2008-12-26,1346,Aqua,MODIS,47,6.2,284,6.9,D,0
41.8183,-8.7295,304.9,2.1,1.4,2008-12-26,2308,Terra,MODIS,47,6.2,267.3,33.6,N,0
38.2885,-8.6797,300,1.1,1,2008-12-30,1138,Terra,MODIS,18,6.2,286.8,5.3,D,0
38.0961,-8.7547,300.8,1.1,1,2008-12-30,1139,Terra,MODIS,42,6.2,287.3,5.3,D,0
